Timestamp,age,Gender,Purchase_Frequency,Purchase_Categories,Personalized_Recommendation_Frequency,Browsing_Frequency,Product_Search_Method,Search_Result_Exploration,Customer_Reviews_Importance,Add_to_Cart_Browsing,Cart_Completion_Frequency,Cart_Abandonment_Factors,Saveforlater_Frequency,Review_Left,Review_Reliability,Review_Helpfulness,Personalized_Recommendation_Frequency ,Recommendation_Helpfulness,Rating_Accuracy ,Shopping_Satisfaction,Service_Appreciation,Improvement_Areas,transaction
2023/06/11 11:09:33 PM GMT+5:30,65,Prefer not to say,Few times a month,Groceries and Gourmet Food;Beauty and Personal Care;Clothing and Fashion;Home and Kitchen;others,Yes,Rarely,Filter,First page,1,Maybe,Often,others,Often,Yes,Rarely,Sometimes,1,Sometimes,1,1,All the above,Add more familiar brands to the list,949456
2023/06/07 6:17:42 PM GMT+5:30,45,Male,Less than once a month,Clothing and Fashion,Sometimes,Multiple times a day,categories,First page,3,No,Sometimes,High shipping costs,Always,Yes,Moderately,Yes,5,Sometimes,2,4,User-friendly website/app interface,No problems with Amazon,255226
2023/06/09 3:25:33 PM GMT+5:30,31,Prefer not to say,Once a month,Beauty and Personal Care,No,Rarely,categories,Multiple pages,1,No,Sometimes,others,Sometimes,Yes,Moderately,No,1,No,3,4,.,Nil,257992
2023/06/12 2:43:30 PM GMT+5:30,14,Female,Multiple times a week,Beauty and Personal Care;Home and Kitchen,Yes,Few times a week,Filter,Multiple pages,3,No,Never,Found a better price elsewhere,Sometimes,No,Occasionally,Yes,5,Sometimes,2,5,All the above,Product quality and accuracy,252263
2023/06/08 5:33:01 PM GMT+5:30,36,Prefer not to say,Less than once a month,Beauty and Personal Care;others,No,Few times a month,nan,Multiple pages,2,Yes,Often,Changed my mind or no longer need the item,Rarely,No,Moderately,Sometimes,1,No,5,1,Wide product selection,Nothing,982763
2023/06/08 3:25:32 AM GMT+5:30,25,Prefer not to say,Once a week,Clothing and Fashion;Home and Kitchen;others,Yes,Rarely,nan,Multiple pages,2,Yes,Sometimes,Changed my mind or no longer need the item,Rarely,Yes,Moderately,Sometimes,3,Sometimes,5,1,Product recommendations,Customer service responsiveness,576284
2023/06/07 5:26:20 PM GMT+5:30,11,Female,Less than once a month,Groceries and Gourmet Food;Beauty and Personal Care;Clothing and Fashion;others,Sometimes,Rarely,categories,First page,2,Maybe,Always,Changed my mind or no longer need the item,Often,No,Moderately,Sometimes,3,Sometimes,2,1,.,Irrelevant product suggestions,213164
2023/06/04 2:30:44 PM GMT+5:30,16,Others,Once a month,Beauty and Personal Care;others,Sometimes,Few times a week,Filter,First page,4,No,Often,others,Rarely,No,Rarely,No,5,No,4,3,Customer service ,UI,866905
2023/06/11 11:27:55 PM GMT+5:30,20,Prefer not to say,Once a month,Clothing and Fashion,No,Rarely,categories,Multiple pages,5,Maybe,Sometimes,others,Always,Yes,Rarely,No,3,No,4,3,Wide product selection,No problems with Amazon,693397
2023/06/06 7:10:55 PM GMT+5:30,34,Others,Once a month,Groceries and Gourmet Food;Beauty and Personal Care;Clothing and Fashion;Home and Kitchen;others,Yes,Multiple times a day,others,Multiple pages,2,Yes,Never,others,Rarely,Yes,Moderately,Yes,4,Sometimes,2,1,Quick delivery,UI,497924
2023/06/05 10:06:46 PM GMT+5:30,32,Male,Few times a month,Clothing and Fashion;Home and Kitchen;others,Sometimes,Few times a week,nan,First page,5,Maybe,Always,Found a better price elsewhere,Always,No,Rarely,Yes,1,Yes,2,3,All the above,User interface ,406976
2023/06/04 9:40:54 PM GMT+5:30,15,Prefer not to say,Once a week,Home and Kitchen,Yes,Multiple times a day,categories,Multiple pages,1,No,Always,others,Often,Yes,Heavily,Yes,3,Sometimes,4,5,Quick delivery,Add more familiar brands to the list,942527
2023/06/07 12:29:31 PM GMT+5:30,38,Others,Once a month,Beauty and Personal Care;others,Sometimes,Multiple times a day,Keyword,First page,5,No,Always,Found a better price elsewhere,Never,No,Moderately,No,5,No,5,5,Competitive prices,Nil,601011
2023/06/08 7:50:55 PM GMT+5:30,27,Others,Multiple times a week,Beauty and Personal Care;Clothing and Fashion;Home and Kitchen,No,Few times a week,categories,First page,2,No,Never,Changed my mind or no longer need the item,Sometimes,No,Never,Sometimes,1,Yes,2,4,Quick delivery,Scrolling option would be much better than going to next page,588102
2023/06/07 9:27:03 AM GMT+5:30,25,Male,Once a month,Clothing and Fashion;others,Yes,Few times a week,categories,First page,4,Maybe,Never,others,Always,No,Rarely,Yes,3,Yes,1,1,Customer service ,User interface of app,868505
2023/06/12 3:33:53 PM GMT+5:30,9,Female,Less than once a month,Groceries and Gourmet Food;Beauty and Personal Care;others,Yes,Few times a month,nan,Multiple pages,1,No,Often,High shipping costs,Always,Yes,Heavily,Sometimes,2,No,4,3,Quick delivery,better app interface and lower shipping charges,661572
2023/06/07 1:49:06 PM GMT+5:30,14,Female,Once a month,Groceries and Gourmet Food;Clothing and Fashion;Home and Kitchen;others,Sometimes,Multiple times a day,Filter,Multiple pages,2,No,Rarely,others,Rarely,No,Heavily,Sometimes,5,No,1,2,User-friendly website/app interface,User interface of app,467153
2023/06/09 10:28:57 AM GMT+5:30,18,Prefer not to say,Less than once a month,Beauty and Personal Care;Clothing and Fashion;Home and Kitchen;others,Sometimes,Multiple times a day,nan,Multiple pages,3,No,Sometimes,Found a better price elsewhere,Always,Yes,Occasionally,Sometimes,2,No,3,4,Competitive prices,User interface of app,661007
2023/06/07 1:00:08 PM GMT+5:30,5,Male,Few times a month,Beauty and Personal Care;others,Sometimes,Few times a month,others,First page,1,No,Rarely,High shipping costs,Rarely,No,Heavily,Sometimes,3,Sometimes,5,1,All the above,Add more familiar brands to the list,887765
2023/06/04 6:31:41 PM GMT+5:30,53,Others,Less than once a month,Beauty and Personal Care;Clothing and Fashion;others,Sometimes,Rarely,nan,First page,5,Maybe,Always,High shipping costs,Often,Yes,Rarely,Sometimes,1,Yes,3,5,Quick delivery,I don't have any problem with Amazon,747556
2023/06/06 7:17:17 PM GMT+5:30,65,Female,Multiple times a week,Beauty and Personal Care;Clothing and Fashion;Home and Kitchen,No,Few times a month,Filter,Multiple pages,1,No,Always,Found a better price elsewhere,Sometimes,Yes,Rarely,No,2,No,5,1,User-friendly website/app interface,UI,132409
2023/06/06 6:38:03 PM GMT+5:30,44,Prefer not to say,Less than once a month,Groceries and Gourmet Food;Beauty and Personal Care;Home and Kitchen,No,Few times a week,nan,Multiple pages,1,Maybe,Never,others,Often,Yes,Rarely,Yes,3,No,4,2,User-friendly website/app interface,Irrelevant product suggestions,304644
2023/06/07 1:00:08 PM GMT+5:30,28,Female,Multiple times a week,Beauty and Personal Care;Home and Kitchen,Sometimes,Few times a week,Keyword,Multiple pages,2,Yes,Often,others,Never,No,Rarely,No,3,No,4,4,.,Irrelevant product suggestions,736034
2023/06/04 8:54:36 PM GMT+5:30,42,Prefer not to say,Multiple times a week,Home and Kitchen,No,Few times a week,nan,Multiple pages,4,Yes,Never,Changed my mind or no longer need the item,Never,No,Heavily,Sometimes,5,Sometimes,2,5,Product recommendations,Add more familiar brands to the list,942922
2023/06/09 9:37:44 AM GMT+5:30,13,Others,Less than once a month,Clothing and Fashion;others,Yes,Few times a week,Filter,Multiple pages,5,Yes,Rarely,Found a better price elsewhere,Often,Yes,Moderately,Sometimes,3,Yes,1,5,All the above,Customer service responsiveness,413518
2023/06/05 2:46:25 PM GMT+5:30,18,Female,Once a week,Home and Kitchen,Yes,Rarely,Keyword,First page,3,Yes,Always,Found a better price elsewhere,Often,Yes,Never,No,4,Yes,5,4,Product recommendations,Nil,898242
2023/06/06 6:43:02 PM GMT+5:30,26,Prefer not to say,Less than once a month,Beauty and Personal Care,Sometimes,Few times a week,nan,Multiple pages,5,No,Always,others,Always,No,Rarely,Sometimes,5,Yes,5,2,Customer service ,Irrelevant product suggestions,774612
2023/06/12 3:51:31 PM GMT+5:30,26,Others,Less than once a month,Beauty and Personal Care,Sometimes,Few times a month,nan,Multiple pages,3,Yes,Never,Found a better price elsewhere,Rarely,Yes,Rarely,No,2,Yes,2,1,Product recommendations,Shipping speed and reliability,587898
2023/06/06 10:36:14 AM GMT+5:30,35,Female,Few times a month,Home and Kitchen,Yes,Few times a month,Keyword,Multiple pages,3,Maybe,Often,Found a better price elsewhere,Often,No,Never,Sometimes,3,No,5,3,Product recommendations,.,535575
2023/06/05 4:50:44 PM GMT+5:30,25,Male,Once a week,Groceries and Gourmet Food,Yes,Multiple times a day,categories,First page,2,Maybe,Sometimes,Found a better price elsewhere,Sometimes,No,Never,Sometimes,3,No,2,5,Quick delivery,Product quality and accuracy,795669
2023/06/11 11:25:48 PM GMT+5:30,34,Others,Less than once a month,Clothing and Fashion;Home and Kitchen;others,Yes,Multiple times a day,nan,Multiple pages,2,No,Often,Found a better price elsewhere,Often,Yes,Occasionally,Yes,5,Yes,3,2,Competitive prices,Add more familiar brands to the list,147847
2023/06/07 6:18:37 PM GMT+5:30,61,Others,Once a week,Beauty and Personal Care;Clothing and Fashion;others,No,Few times a week,Keyword,First page,3,Maybe,Often,High shipping costs,Always,No,Never,Yes,2,Yes,3,1,Wide product selection,I have no problem with Amazon yet. But others tell me about the refund issues ,722514
2023/06/05 8:49:12 PM GMT+5:30,57,Prefer not to say,Less than once a month,Groceries and Gourmet Food;Beauty and Personal Care;others,No,Few times a month,others,Multiple pages,5,Maybe,Rarely,Changed my mind or no longer need the item,Never,No,Rarely,No,3,Sometimes,5,5,Quick delivery,No problems with Amazon,272602
2023/06/07 9:19:32 PM GMT+5:30,5,Prefer not to say,Once a month,Groceries and Gourmet Food;Beauty and Personal Care;Clothing and Fashion,No,Rarely,Keyword,First page,3,Yes,Often,others,Never,No,Moderately,Sometimes,2,No,4,2,.,Nothing,272947
2023/06/05 2:10:33 PM GMT+5:30,8,Prefer not to say,Once a month,Beauty and Personal Care;others,Yes,Few times a week,others,First page,3,Yes,Often,Found a better price elsewhere,Rarely,No,Rarely,Sometimes,5,Yes,4,5,Customer service ,Nothing,766122
2023/06/08 3:32:42 AM GMT+5:30,9,Female,Multiple times a week,Groceries and Gourmet Food;Beauty and Personal Care;others,Yes,Few times a week,categories,First page,3,No,Always,others,Often,No,Moderately,Yes,3,No,1,3,User-friendly website/app interface,I don't have any problem with Amazon,303107
2023/06/08 6:39:59 PM GMT+5:30,5,Male,Few times a month,Beauty and Personal Care;Home and Kitchen;others,Sometimes,Multiple times a day,nan,Multiple pages,4,Maybe,Often,High shipping costs,Rarely,Yes,Moderately,Sometimes,5,Yes,5,4,All the above,better app interface and lower shipping charges,650181
2023/06/09 2:40:21 PM GMT+5:30,36,Female,Few times a month,Groceries and Gourmet Food;Clothing and Fashion;Home and Kitchen,No,Few times a month,others,First page,1,Maybe,Often,Found a better price elsewhere,Never,No,Rarely,No,2,Sometimes,3,2,Quick delivery,I have no problem with Amazon yet. But others tell me about the refund issues ,786464
2023/06/06 8:56:17 PM GMT+5:30,29,Female,Few times a month,Groceries and Gourmet Food;Beauty and Personal Care,Sometimes,Rarely,Filter,Multiple pages,2,No,Often,Found a better price elsewhere,Rarely,No,Never,Sometimes,2,No,5,3,User-friendly website/app interface,Add more familiar brands to the list,125622
2023/06/07 6:20:00 PM GMT+5:30,56,Female,Once a week,Groceries and Gourmet Food;Beauty and Personal Care,Sometimes,Few times a month,categories,Multiple pages,4,Yes,Sometimes,Changed my mind or no longer need the item,Often,No,Heavily,Yes,3,Yes,2,1,Wide product selection,Shipping speed and reliability,576653
2023/06/09 2:43:37 PM GMT+5:30,47,Male,Once a week,Groceries and Gourmet Food;Clothing and Fashion;Home and Kitchen;others,Sometimes,Multiple times a day,Filter,First page,1,Maybe,Never,others,Rarely,No,Moderately,Yes,5,Yes,1,1,Customer service,I have no problem with Amazon yet. But others tell me about the refund issues ,447974
2023/06/09 10:31:15 AM GMT+5:30,13,Male,Once a week,Groceries and Gourmet Food;Beauty and Personal Care;Home and Kitchen,Yes,Few times a week,Keyword,First page,5,Yes,Always,High shipping costs,Rarely,Yes,Never,Sometimes,2,No,1,1,Product recommendations,User interface ,466342
2023/06/04 10:24:47 PM GMT+5:30,60,Male,Few times a month,Beauty and Personal Care;Clothing and Fashion;Home and Kitchen;others,Sometimes,Multiple times a day,others,Multiple pages,5,Yes,Always,others,Often,No,Rarely,Yes,2,Sometimes,4,4,Wide product selection,User interface of app,749134
2023/06/08 5:14:30 PM GMT+5:30,44,Prefer not to say,Few times a month,Groceries and Gourmet Food;Beauty and Personal Care;Clothing and Fashion;others,Yes,Rarely,Keyword,First page,4,No,Rarely,Found a better price elsewhere,Often,Yes,Occasionally,Yes,1,Yes,1,5,Customer service ,Reducing packaging waste,705390
2023/06/08 3:25:32 AM GMT+5:30,34,Male,Once a month,Beauty and Personal Care,Yes,Few times a month,Filter,Multiple pages,2,No,Often,Found a better price elsewhere,Rarely,No,Heavily,No,1,No,4,1,Wide product selection,User interface ,799830
2023/06/08 10:54:00 AM GMT+5:30,49,Male,Less than once a month,Groceries and Gourmet Food;Beauty and Personal Care;Home and Kitchen,Yes,Few times a month,others,Multiple pages,5,Yes,Never,High shipping costs,Sometimes,Yes,Occasionally,No,4,No,3,4,All the above,User interface ,529402
2023/06/04 7:45:33 PM GMT+5:30,53,Male,Few times a month,Groceries and Gourmet Food;Beauty and Personal Care;Clothing and Fashion;Home and Kitchen;others,Sometimes,Few times a month,Keyword,First page,4,Maybe,Sometimes,Changed my mind or no longer need the item,Sometimes,Yes,Heavily,Yes,5,Yes,3,5,Product recommendations,Reducing packaging waste,625617
2023/06/11 10:58:52 PM GMT+5:30,30,Male,Less than once a month,Beauty and Personal Care;others,Sometimes,Few times a week,Keyword,Multiple pages,1,Maybe,Sometimes,Found a better price elsewhere,Always,No,Never,No,2,Yes,5,2,.,I don't have any problem with Amazon,954510
2023/06/11 11:04:17 PM GMT+5:30,6,Prefer not to say,Once a week,Groceries and Gourmet Food;Clothing and Fashion;others,Sometimes,Few times a week,Filter,First page,3,Yes,Never,others,Rarely,No,Occasionally,Sometimes,3,Yes,3,4,All the above,I have no problem with Amazon yet. But others tell me about the refund issues ,948066
2023/06/05 2:24:22 PM GMT+5:30,31,Female,Once a month,Groceries and Gourmet Food;Beauty and Personal Care;others,Yes,Few times a week,Keyword,Multiple pages,2,Yes,Never,High shipping costs,Never,No,Moderately,Yes,3,Yes,4,3,.,Quality of product is very poor according to the big offers,114055
2023/06/08 5:20:43 PM GMT+5:30,29,Prefer not to say,Once a week,others,Sometimes,Rarely,others,Multiple pages,3,No,Always,Changed my mind or no longer need the item,Never,Yes,Heavily,No,4,Yes,1,3,Customer service,Product quality and accuracy,565263
2023/06/04 8:49:49 PM GMT+5:30,6,Others,Once a week,Groceries and Gourmet Food;Clothing and Fashion,Yes,Few times a month,Filter,Multiple pages,3,No,Never,Found a better price elsewhere,Often,Yes,Rarely,Yes,3,Sometimes,1,1,Wide product selection,Reducing packaging waste,795894
2023/06/10 10:49:42 AM GMT+5:30,3,Others,Once a week,Beauty and Personal Care,No,Few times a week,categories,First page,2,Yes,Sometimes,Changed my mind or no longer need the item,Rarely,No,Rarely,No,4,Yes,4,2,Wide product selection,No problems with Amazon,200984
2023/06/09 2:23:45 PM GMT+5:30,45,Female,Once a month,Groceries and Gourmet Food,Sometimes,Multiple times a day,Filter,First page,3,Yes,Sometimes,others,Always,No,Heavily,Yes,1,Yes,4,2,Quick delivery,Quality of product is very poor according to the big offers,615077
2023/06/06 6:38:45 PM GMT+5:30,46,Male,Multiple times a week,Groceries and Gourmet Food;Home and Kitchen,Sometimes,Rarely,nan,First page,5,Maybe,Rarely,High shipping costs,Sometimes,No,Occasionally,No,2,Yes,3,4,Customer service ,User interface of app,113956
2023/06/07 6:29:14 PM GMT+5:30,6,Male,Multiple times a week,Beauty and Personal Care;Clothing and Fashion;Home and Kitchen,No,Few times a month,categories,Multiple pages,1,Maybe,Rarely,others,Never,Yes,Never,Sometimes,2,No,5,4,All the above,Customer service responsiveness,884340
2023/06/05 11:54:52 AM GMT+5:30,49,Female,Multiple times a week,Groceries and Gourmet Food;Beauty and Personal Care;Home and Kitchen,Sometimes,Rarely,categories,Multiple pages,1,Maybe,Always,Found a better price elsewhere,Sometimes,Yes,Heavily,No,5,No,3,4,Customer service ,Reducing packaging waste,527992
2023/06/09 9:35:57 AM GMT+5:30,19,Male,Once a month,Groceries and Gourmet Food;Clothing and Fashion;others,Yes,Multiple times a day,Filter,Multiple pages,4,No,Rarely,others,Sometimes,Yes,Occasionally,Yes,2,Sometimes,5,1,User-friendly website/app interface,User interface of app,224376
2023/06/05 11:54:52 AM GMT+5:30,41,Others,Few times a month,Groceries and Gourmet Food;Beauty and Personal Care;Clothing and Fashion,No,Few times a week,Keyword,First page,2,No,Never,others,Rarely,No,Never,Yes,2,Sometimes,4,3,Customer service,better app interface and lower shipping charges,837385
2023/06/11 10:52:06 PM GMT+5:30,62,Others,Few times a month,Groceries and Gourmet Food;Clothing and Fashion,Sometimes,Few times a month,categories,First page,4,Maybe,Sometimes,Changed my mind or no longer need the item,Rarely,Yes,Heavily,Sometimes,3,Sometimes,1,2,Customer service ,I have no problem with Amazon yet. But others tell me about the refund issues ,428532
2023/06/06 6:39:26 PM GMT+5:30,34,Prefer not to say,Multiple times a week,Groceries and Gourmet Food;Beauty and Personal Care;Clothing and Fashion;Home and Kitchen,Sometimes,Few times a week,others,Multiple pages,2,Maybe,Often,others,Sometimes,No,Never,No,1,Sometimes,1,4,Customer service,UI,758076
2023/06/07 2:23:02 PM GMT+5:30,51,Others,Once a month,Groceries and Gourmet Food;Beauty and Personal Care;others,Sometimes,Rarely,Keyword,First page,3,No,Never,others,Often,Yes,Occasionally,Sometimes,3,No,3,5,Customer service,.,433890
2023/06/06 6:44:04 PM GMT+5:30,39,Prefer not to say,Multiple times a week,Groceries and Gourmet Food;Clothing and Fashion;Home and Kitchen;others,Yes,Multiple times a day,categories,Multiple pages,1,No,Always,Changed my mind or no longer need the item,Rarely,Yes,Occasionally,No,3,Yes,4,5,Customer service ,.,844312
2023/06/07 9:24:31 AM GMT+5:30,45,Prefer not to say,Less than once a month,Beauty and Personal Care;Home and Kitchen;others,Yes,Rarely,nan,First page,1,No,Never,High shipping costs,Often,Yes,Moderately,Sometimes,4,Yes,5,1,Customer service ,Customer service responsiveness,202346
2023/06/05 8:07:52 PM GMT+5:30,5,Others,Once a month,Clothing and Fashion;Home and Kitchen,No,Few times a month,Keyword,First page,5,No,Often,Changed my mind or no longer need the item,Always,No,Heavily,Yes,5,No,2,2,.,User interface ,170618
2023/06/05 12:57:05 AM GMT+5:30,11,Female,Multiple times a week,Groceries and Gourmet Food;Home and Kitchen;others,Yes,Rarely,Filter,First page,3,Yes,Sometimes,others,Always,No,Rarely,Sometimes,1,Yes,2,5,Quick delivery,Product quality and accuracy,511519
2023/06/08 5:25:27 PM GMT+5:30,47,Prefer not to say,Multiple times a week,Groceries and Gourmet Food;Home and Kitchen,No,Multiple times a day,nan,First page,2,No,Never,Changed my mind or no longer need the item,Often,No,Moderately,Sometimes,2,No,2,5,.,No problems with Amazon,582002
2023/06/07 9:23:41 PM GMT+5:30,10,Female,Once a month,Beauty and Personal Care;Clothing and Fashion;Home and Kitchen;others,No,Multiple times a day,categories,Multiple pages,3,No,Rarely,Changed my mind or no longer need the item,Never,No,Rarely,Sometimes,3,Yes,3,5,Quick delivery,Irrelevant product suggestions,645696
2023/06/08 10:13:41 PM GMT+5:30,44,Male,Multiple times a week,Groceries and Gourmet Food;Clothing and Fashion;others,Yes,Rarely,Keyword,First page,5,Maybe,Never,Found a better price elsewhere,Never,No,Heavily,Yes,4,Yes,2,1,Quick delivery,I don't have any problem with Amazon,229875
2023/06/09 9:37:15 AM GMT+5:30,42,Male,Few times a month,others,Sometimes,Multiple times a day,nan,First page,2,Yes,Rarely,High shipping costs,Sometimes,No,Moderately,No,4,Yes,5,2,Customer service ,Nil,513458
2023/06/07 1:04:07 PM GMT+5:30,18,Female,Less than once a month,Groceries and Gourmet Food;Beauty and Personal Care,Yes,Multiple times a day,others,Multiple pages,2,Yes,Sometimes,others,Rarely,No,Heavily,Yes,2,Yes,3,3,All the above,User interface of app,799048
2023/06/06 10:46:31 AM GMT+5:30,43,Female,Once a month,others,Sometimes,Rarely,nan,First page,4,Maybe,Rarely,Changed my mind or no longer need the item,Rarely,No,Rarely,No,2,Yes,5,4,Customer service,Scrolling option would be much better than going to next page,250603
2023/06/08 5:20:43 PM GMT+5:30,51,Prefer not to say,Multiple times a week,Beauty and Personal Care;Clothing and Fashion,Yes,Multiple times a day,others,First page,2,Yes,Never,Changed my mind or no longer need the item,Often,Yes,Occasionally,Sometimes,1,Sometimes,1,3,Wide product selection,Quality of product is very poor according to the big offers,532051
2023/06/06 8:57:23 PM GMT+5:30,39,Female,Once a month,Beauty and Personal Care;Home and Kitchen;others,No,Multiple times a day,others,Multiple pages,4,Yes,Never,High shipping costs,Never,Yes,Occasionally,Sometimes,5,Yes,5,4,Wide product selection,Irrelevant product suggestions,684432
2023/06/06 6:40:30 PM GMT+5:30,50,Prefer not to say,Few times a month,Beauty and Personal Care;others,No,Multiple times a day,categories,First page,2,No,Never,Changed my mind or no longer need the item,Rarely,Yes,Rarely,Sometimes,4,No,5,5,User-friendly website/app interface,UI,951102
2023/06/08 5:08:27 PM GMT+5:30,53,Prefer not to say,Few times a month,Beauty and Personal Care;others,Sometimes,Few times a week,categories,Multiple pages,2,Yes,Always,High shipping costs,Never,No,Rarely,No,3,Sometimes,4,3,User-friendly website/app interface,UI,594268
2023/06/09 9:34:07 AM GMT+5:30,38,Prefer not to say,Less than once a month,Home and Kitchen,Yes,Rarely,nan,Multiple pages,4,No,Never,others,Rarely,No,Rarely,No,2,No,1,4,Customer service ,Nothing,407589
2023/06/08 5:57:34 PM GMT+5:30,62,Others,Once a month,Groceries and Gourmet Food;Home and Kitchen,Yes,Rarely,Keyword,First page,5,No,Never,Changed my mind or no longer need the item,Sometimes,No,Occasionally,Sometimes,4,No,1,5,Wide product selection,Product quality and accuracy,752841
2023/06/08 7:33:15 AM GMT+5:30,7,Prefer not to say,Once a month,Groceries and Gourmet Food;Home and Kitchen;others,Sometimes,Few times a week,others,Multiple pages,3,Maybe,Always,Found a better price elsewhere,Sometimes,No,Never,Yes,5,No,5,2,Product recommendations,User interface ,976681
2023/06/12 3:27:59 PM GMT+5:30,31,Male,Once a week,Clothing and Fashion;Home and Kitchen;others,Yes,Few times a week,others,First page,3,No,Rarely,High shipping costs,Never,No,Rarely,Yes,5,No,3,5,Competitive prices,Nil,724535
2023/06/07 1:05:41 PM GMT+5:30,25,Others,Few times a month,Clothing and Fashion;Home and Kitchen;others,Sometimes,Few times a month,Keyword,Multiple pages,2,No,Rarely,High shipping costs,Often,Yes,Never,Sometimes,3,Yes,4,3,Wide product selection,No problems with Amazon,549331
2023/06/11 11:05:38 PM GMT+5:30,65,Others,Less than once a month,Beauty and Personal Care;Home and Kitchen,Sometimes,Few times a week,others,First page,2,Maybe,Often,others,Rarely,Yes,Heavily,Yes,1,Sometimes,5,3,Wide product selection,I don't have any problem with Amazon,648049
2023/06/08 5:40:49 PM GMT+5:30,40,Prefer not to say,Multiple times a week,Groceries and Gourmet Food;Beauty and Personal Care;Clothing and Fashion;others,Sometimes,Rarely,categories,Multiple pages,4,Maybe,Always,Found a better price elsewhere,Always,No,Rarely,No,1,Sometimes,5,2,Competitive prices,Quality of product is very poor according to the big offers,450091
2023/06/11 11:24:21 PM GMT+5:30,62,Others,Once a month,Clothing and Fashion;others,Sometimes,Few times a week,others,Multiple pages,5,Yes,Often,others,Often,No,Moderately,Sometimes,2,Yes,3,3,Wide product selection,User interface ,371422
2023/06/08 5:24:42 PM GMT+5:30,18,Prefer not to say,Few times a month,Groceries and Gourmet Food;Home and Kitchen;others,No,Multiple times a day,nan,Multiple pages,2,Maybe,Always,others,Sometimes,Yes,Rarely,Yes,1,Yes,5,5,Customer service,User interface of app,193428
2023/06/11 11:08:35 PM GMT+5:30,30,Others,Few times a month,Beauty and Personal Care;Clothing and Fashion;others,No,Few times a month,Keyword,First page,1,Maybe,Rarely,Found a better price elsewhere,Rarely,No,Rarely,Yes,4,Sometimes,1,1,Customer service ,Irrelevant product suggestions,338369
2023/06/07 2:33:56 PM GMT+5:30,20,Male,Few times a month,Beauty and Personal Care,No,Few times a week,categories,First page,4,Yes,Rarely,High shipping costs,Always,Yes,Heavily,Sometimes,5,No,1,2,.,User interface ,118364
2023/06/05 1:35:44 PM GMT+5:30,43,Prefer not to say,Multiple times a week,Groceries and Gourmet Food;Beauty and Personal Care,No,Few times a month,Keyword,Multiple pages,3,No,Rarely,others,Rarely,Yes,Occasionally,Sometimes,2,Yes,5,1,Customer service ,Shipping speed and reliability,941965
2023/06/07 2:19:05 PM GMT+5:30,13,Female,Once a week,Clothing and Fashion,No,Rarely,others,First page,1,Yes,Often,Found a better price elsewhere,Always,Yes,Never,No,4,No,2,5,Quick delivery,No problems with Amazon,776919
2023/06/09 2:23:45 PM GMT+5:30,63,Female,Less than once a month,Beauty and Personal Care;Home and Kitchen;others,Yes,Rarely,Keyword,Multiple pages,5,Maybe,Often,High shipping costs,Sometimes,No,Rarely,Yes,4,Yes,2,5,Competitive prices,better app interface and lower shipping charges,823359
2023/06/05 4:26:25 AM GMT+5:30,35,Prefer not to say,Once a month,Beauty and Personal Care;Clothing and Fashion;Home and Kitchen,Sometimes,Few times a month,others,First page,4,Maybe,Sometimes,Changed my mind or no longer need the item,Always,Yes,Never,Yes,5,No,1,1,Quick delivery,Scrolling option would be much better than going to next page,304779
2023/06/06 7:54:19 PM GMT+5:30,27,Male,Less than once a month,Groceries and Gourmet Food;Beauty and Personal Care,Sometimes,Few times a month,others,Multiple pages,2,No,Often,Found a better price elsewhere,Always,Yes,Rarely,Yes,1,No,5,5,All the above,User interface of app,328133
2023/06/05 8:47:42 PM GMT+5:30,6,Others,Once a week,Beauty and Personal Care;Clothing and Fashion;others,Sometimes,Few times a week,Filter,Multiple pages,2,No,Rarely,High shipping costs,Rarely,No,Occasionally,Yes,3,Yes,2,2,Product recommendations,Shipping speed and reliability,269913
2023/06/08 7:46:31 PM GMT+5:30,18,Female,Few times a month,Beauty and Personal Care;Clothing and Fashion;Home and Kitchen,Yes,Few times a week,nan,First page,1,No,Sometimes,Found a better price elsewhere,Always,Yes,Heavily,No,2,No,4,3,All the above,Product quality and accuracy,598905
2023/06/05 8:47:42 PM GMT+5:30,38,Female,Few times a month,Groceries and Gourmet Food;Beauty and Personal Care;Clothing and Fashion;others,Sometimes,Few times a month,categories,Multiple pages,1,Yes,Sometimes,others,Often,Yes,Moderately,Yes,1,Sometimes,4,5,Product recommendations,User interface ,315934
2023/06/07 6:09:58 AM GMT+5:30,10,Others,Less than once a month,Groceries and Gourmet Food;Clothing and Fashion;others,Sometimes,Rarely,Keyword,Multiple pages,2,Maybe,Sometimes,High shipping costs,Often,No,Heavily,Yes,5,No,2,2,Competitive prices,Nil,304014
2023/06/11 11:16:58 PM GMT+5:30,12,Others,Once a week,Groceries and Gourmet Food,No,Rarely,Filter,First page,1,Yes,Never,High shipping costs,Rarely,Yes,Occasionally,Sometimes,2,No,5,4,All the above,.,118323
2023/06/06 6:57:14 PM GMT+5:30,65,Prefer not to say,Less than once a month,Groceries and Gourmet Food;Beauty and Personal Care;Clothing and Fashion;Home and Kitchen;others,Yes,Few times a week,Keyword,First page,1,Maybe,Always,Found a better price elsewhere,Sometimes,No,Heavily,Sometimes,1,Yes,3,3,User-friendly website/app interface,Nothing,550768
2023/06/07 12:27:12 PM GMT+5:30,44,Male,Few times a month,Clothing and Fashion,Sometimes,Few times a month,categories,Multiple pages,5,No,Never,High shipping costs,Always,No,Never,Sometimes,2,No,3,4,All the above,Irrelevant product suggestions,511271
2023/06/05 3:28:01 PM GMT+5:30,19,Female,Few times a month,Clothing and Fashion;Home and Kitchen;others,Sometimes,Few times a month,categories,Multiple pages,2,Yes,Sometimes,High shipping costs,Often,No,Occasionally,Sometimes,3,Yes,5,3,Product recommendations,Shipping speed and reliability,290231
2023/06/04 8:45:45 PM GMT+5:30,8,Others,Once a month,Clothing and Fashion;Home and Kitchen,Sometimes,Few times a month,Filter,Multiple pages,4,No,Often,High shipping costs,Always,Yes,Never,Sometimes,1,Yes,2,3,Customer service,.,975151
2023/06/09 4:31:06 PM GMT+5:30,41,Female,Once a week,Clothing and Fashion;others,Sometimes,Rarely,others,Multiple pages,2,No,Sometimes,Found a better price elsewhere,Sometimes,Yes,Rarely,No,5,Yes,5,4,Quick delivery,Product quality and accuracy,610777
2023/06/11 10:48:27 PM GMT+5:30,38,Others,Multiple times a week,Clothing and Fashion,Yes,Rarely,categories,First page,3,No,Always,others,Often,Yes,Heavily,Yes,2,Yes,1,3,Product recommendations,Nothing,302816
2023/06/09 2:42:57 PM GMT+5:30,40,Prefer not to say,Once a month,Beauty and Personal Care;others,Sometimes,Multiple times a day,Filter,First page,5,Maybe,Always,others,Often,No,Rarely,Sometimes,5,Sometimes,3,2,.,Nil,993527
2023/06/05 10:06:15 PM GMT+5:30,10,Female,Less than once a month,Groceries and Gourmet Food;Beauty and Personal Care;Clothing and Fashion,Yes,Few times a week,others,Multiple pages,5,Yes,Never,Changed my mind or no longer need the item,Always,No,Heavily,Yes,5,No,3,3,Wide product selection,No problems with Amazon,885171
2023/06/04 8:45:45 PM GMT+5:30,4,Others,Once a week,Groceries and Gourmet Food;Home and Kitchen;others,Yes,Few times a week,others,First page,1,No,Rarely,Changed my mind or no longer need the item,Always,Yes,Never,Sometimes,5,Sometimes,4,3,Product recommendations,better app interface and lower shipping charges,682268
2023/06/07 1:00:09 PM GMT+5:30,38,Male,Once a week,Beauty and Personal Care,No,Multiple times a day,others,Multiple pages,2,No,Rarely,others,Often,Yes,Moderately,Yes,3,Sometimes,1,5,Wide product selection,User interface ,124670
2023/06/08 5:39:54 PM GMT+5:30,29,Prefer not to say,Multiple times a week,Beauty and Personal Care;Clothing and Fashion;Home and Kitchen,Sometimes,Rarely,others,Multiple pages,3,Yes,Sometimes,Changed my mind or no longer need the item,Always,No,Moderately,Sometimes,2,Yes,4,5,Competitive prices,User interface of app,451009
2023/06/11 11:25:09 PM GMT+5:30,49,Male,Once a month,Clothing and Fashion,No,Multiple times a day,Filter,Multiple pages,4,No,Always,Found a better price elsewhere,Rarely,Yes,Rarely,Sometimes,5,Sometimes,5,3,Customer service ,No problems with Amazon,717249
2023/06/09 12:22:47 PM GMT+5:30,65,Female,Few times a month,Groceries and Gourmet Food;Clothing and Fashion;Home and Kitchen,Yes,Multiple times a day,Keyword,First page,1,Yes,Never,Found a better price elsewhere,Never,No,Rarely,Sometimes,4,Sometimes,1,5,Competitive prices,Add more familiar brands to the list,721713
2023/06/04 8:54:36 PM GMT+5:30,41,Male,Multiple times a week,Groceries and Gourmet Food;Clothing and Fashion;others,Sometimes,Rarely,Filter,Multiple pages,1,No,Rarely,others,Rarely,No,Moderately,Sometimes,5,Yes,2,3,Wide product selection,Add more familiar brands to the list,905414
2023/06/11 11:26:54 PM GMT+5:30,44,Prefer not to say,Multiple times a week,Groceries and Gourmet Food;Beauty and Personal Care;Clothing and Fashion;Home and Kitchen,Sometimes,Multiple times a day,Keyword,First page,4,Yes,Sometimes,Found a better price elsewhere,Often,Yes,Moderately,No,3,No,1,5,Competitive prices,Reducing packaging waste,891775
2023/06/09 10:23:45 AM GMT+5:30,59,Female,Few times a month,others,Sometimes,Few times a week,Keyword,First page,1,Yes,Always,Found a better price elsewhere,Always,No,Moderately,No,5,Sometimes,3,1,Product recommendations,Irrelevant product suggestions,423525
2023/06/12 2:44:47 PM GMT+5:30,19,Prefer not to say,Less than once a month,others,Sometimes,Multiple times a day,Keyword,First page,4,Maybe,Always,High shipping costs,Often,Yes,Occasionally,Yes,5,No,3,2,Quick delivery,Shipping speed and reliability,669717
2023/06/04 9:22:58 PM GMT+5:30,60,Male,Less than once a month,Groceries and Gourmet Food;Clothing and Fashion;Home and Kitchen,Yes,Rarely,nan,Multiple pages,3,Maybe,Always,High shipping costs,Sometimes,No,Never,Sometimes,4,Yes,2,3,Quick delivery,Nothing,272997
2023/06/07 9:23:41 PM GMT+5:30,5,Male,Once a week,Groceries and Gourmet Food,No,Few times a week,Filter,Multiple pages,1,Maybe,Sometimes,Found a better price elsewhere,Always,No,Moderately,No,5,No,4,4,Wide product selection,Nil,506454
2023/06/07 2:09:49 PM GMT+5:30,54,Male,Once a month,Home and Kitchen,Sometimes,Few times a week,others,First page,3,No,Always,others,Rarely,No,Occasionally,Sometimes,1,Yes,5,5,.,User interface of app,419206
2023/06/07 11:10:09 PM GMT+5:30,28,Prefer not to say,Few times a month,Beauty and Personal Care;Clothing and Fashion;Home and Kitchen;others,Sometimes,Few times a month,Filter,Multiple pages,5,Maybe,Never,Changed my mind or no longer need the item,Rarely,Yes,Heavily,Yes,1,No,4,4,.,Nil,880707
2023/06/08 5:54:05 PM GMT+5:30,45,Male,Less than once a month,Home and Kitchen;others,Sometimes,Rarely,Filter,First page,4,Maybe,Often,Found a better price elsewhere,Never,Yes,Heavily,No,4,Yes,5,1,.,Add more familiar brands to the list,416226
2023/06/06 6:57:14 PM GMT+5:30,7,Female,Less than once a month,Beauty and Personal Care;others,Yes,Rarely,categories,Multiple pages,4,Maybe,Often,others,Sometimes,No,Rarely,Sometimes,1,Yes,1,1,Quick delivery,Add more familiar brands to the list,494738
2023/06/06 7:10:14 PM GMT+5:30,52,Female,Less than once a month,Clothing and Fashion;Home and Kitchen;others,No,Multiple times a day,categories,Multiple pages,1,Maybe,Always,Found a better price elsewhere,Always,Yes,Never,Sometimes,4,Sometimes,3,2,.,Scrolling option would be much better than going to next page,802472
2023/06/07 7:17:13 PM GMT+5:30,52,Others,Multiple times a week,Home and Kitchen,Yes,Multiple times a day,categories,Multiple pages,1,No,Always,others,Sometimes,Yes,Never,Sometimes,1,Sometimes,4,1,Product recommendations,Irrelevant product suggestions,382699
2023/06/08 5:20:57 PM GMT+5:30,48,Female,Less than once a month,Groceries and Gourmet Food;Home and Kitchen;others,Yes,Multiple times a day,others,First page,1,Maybe,Rarely,others,Sometimes,Yes,Rarely,Yes,3,No,5,4,User-friendly website/app interface,Irrelevant product suggestions,224326
2023/06/12 3:55:53 PM GMT+5:30,19,Others,Few times a month,Groceries and Gourmet Food;Beauty and Personal Care;Clothing and Fashion,Yes,Few times a month,Keyword,Multiple pages,5,No,Often,Found a better price elsewhere,Often,Yes,Never,No,1,No,4,2,Customer service,Customer service responsiveness,584163
2023/06/09 3:16:30 PM GMT+5:30,6,Others,Few times a month,Groceries and Gourmet Food;Beauty and Personal Care;Clothing and Fashion;Home and Kitchen,Yes,Multiple times a day,Filter,Multiple pages,3,Yes,Often,Found a better price elsewhere,Always,No,Never,Sometimes,4,No,5,2,Customer service ,Irrelevant product suggestions,771251
2023/06/05 8:46:09 PM GMT+5:30,61,Female,Multiple times a week,Beauty and Personal Care;Clothing and Fashion,Sometimes,Few times a week,categories,Multiple pages,2,Yes,Always,Changed my mind or no longer need the item,Sometimes,No,Occasionally,No,4,No,5,4,All the above,User interface of app,743680
2023/06/04 11:12:15 PM GMT+5:30,13,Others,Once a month,Beauty and Personal Care;others,No,Few times a month,others,First page,4,Yes,Always,Found a better price elsewhere,Always,No,Rarely,Sometimes,4,No,1,4,All the above,I don't have any problem with Amazon,854381
2023/06/07 10:39:21 PM GMT+5:30,34,Prefer not to say,Few times a month,Clothing and Fashion;Home and Kitchen;others,No,Multiple times a day,others,First page,2,No,Sometimes,others,Always,No,Rarely,No,3,No,5,5,Customer service ,Irrelevant product suggestions,386370
2023/06/05 11:20:41 AM GMT+5:30,23,Female,Less than once a month,Groceries and Gourmet Food;Clothing and Fashion;Home and Kitchen;others,Sometimes,Multiple times a day,Filter,First page,5,Yes,Rarely,Found a better price elsewhere,Often,No,Never,Yes,1,Yes,2,3,Competitive prices,I don't have any problem with Amazon,867968
2023/06/10 2:40:34 PM GMT+5:30,54,Male,Less than once a month,Beauty and Personal Care;Clothing and Fashion;Home and Kitchen,Sometimes,Few times a week,categories,Multiple pages,1,Yes,Sometimes,Found a better price elsewhere,Never,Yes,Never,No,4,Sometimes,4,3,.,better app interface and lower shipping charges,411247
2023/06/06 7:10:55 PM GMT+5:30,56,Female,Less than once a month,Clothing and Fashion;Home and Kitchen;others,Yes,Rarely,Filter,First page,5,No,Rarely,Found a better price elsewhere,Sometimes,No,Moderately,Yes,3,Yes,4,3,.,Add more familiar brands to the list,160369
2023/06/06 10:17:06 AM GMT+5:30,43,Female,Multiple times a week,Clothing and Fashion;Home and Kitchen,No,Multiple times a day,others,First page,3,Yes,Never,Found a better price elsewhere,Often,Yes,Moderately,No,2,Yes,3,3,Quick delivery,I have no problem with Amazon yet. But others tell me about the refund issues ,252070
2023/06/06 11:20:53 AM GMT+5:30,58,Male,Less than once a month,Groceries and Gourmet Food;Home and Kitchen,Yes,Rarely,categories,Multiple pages,2,No,Rarely,others,Never,Yes,Moderately,No,1,No,4,2,Customer service,I have no problem with Amazon yet. But others tell me about the refund issues ,484054
2023/06/07 9:32:38 AM GMT+5:30,22,Female,Multiple times a week,Groceries and Gourmet Food;Home and Kitchen;others,Sometimes,Rarely,nan,First page,3,Yes,Often,others,Sometimes,No,Occasionally,No,4,Sometimes,1,3,All the above,Product quality and accuracy,745881
2023/06/04 7:23:21 PM GMT+5:30,52,Others,Multiple times a week,Groceries and Gourmet Food;Beauty and Personal Care;others,Yes,Multiple times a day,others,Multiple pages,3,Yes,Never,High shipping costs,Rarely,Yes,Heavily,Sometimes,4,Yes,3,5,.,better app interface and lower shipping charges,678025
2023/06/10 2:40:34 PM GMT+5:30,4,Female,Once a month,Groceries and Gourmet Food;Home and Kitchen,Sometimes,Few times a week,Keyword,Multiple pages,2,No,Often,Found a better price elsewhere,Sometimes,Yes,Rarely,Sometimes,2,Sometimes,3,3,Customer service,Nothing,454287
2023/06/11 10:43:19 PM GMT+5:30,61,Prefer not to say,Multiple times a week,Groceries and Gourmet Food;Clothing and Fashion;Home and Kitchen,Yes,Few times a month,Filter,Multiple pages,2,Yes,Never,Found a better price elsewhere,Often,Yes,Rarely,Yes,5,Yes,1,5,Quick delivery,Add more familiar brands to the list,722994
2023/06/08 10:21:20 PM GMT+5:30,49,Others,Once a month,Groceries and Gourmet Food;Beauty and Personal Care,Yes,Few times a month,Keyword,Multiple pages,1,Maybe,Sometimes,High shipping costs,Always,No,Occasionally,Yes,1,No,1,3,All the above,Product quality and accuracy,298597
2023/06/06 7:08:47 PM GMT+5:30,46,Prefer not to say,Multiple times a week,Groceries and Gourmet Food;Home and Kitchen;others,Sometimes,Few times a week,others,First page,1,Yes,Rarely,High shipping costs,Sometimes,Yes,Moderately,Sometimes,3,Yes,1,2,Wide product selection,I don't have any problem with Amazon,588308
2023/06/05 2:21:37 PM GMT+5:30,48,Prefer not to say,Once a week,Beauty and Personal Care;Home and Kitchen,No,Few times a week,Filter,First page,3,Yes,Always,Found a better price elsewhere,Rarely,No,Moderately,Sometimes,4,No,1,4,Customer service ,Nothing,911193
2023/06/06 6:51:13 PM GMT+5:30,9,Others,Once a month,Beauty and Personal Care;Clothing and Fashion;Home and Kitchen,No,Few times a month,others,Multiple pages,4,Maybe,Sometimes,others,Sometimes,Yes,Rarely,Yes,1,Yes,4,2,.,Quality of product is very poor according to the big offers,857379
2023/06/07 9:35:23 PM GMT+5:30,3,Others,Multiple times a week,Groceries and Gourmet Food;Beauty and Personal Care,Yes,Few times a week,categories,First page,2,Maybe,Rarely,others,Sometimes,Yes,Heavily,Yes,5,Yes,1,2,User-friendly website/app interface,Reducing packaging waste,422759
2023/06/08 5:44:57 PM GMT+5:30,17,Prefer not to say,Few times a month,Groceries and Gourmet Food;Beauty and Personal Care;Clothing and Fashion;Home and Kitchen;others,Sometimes,Few times a week,others,First page,3,Yes,Sometimes,Changed my mind or no longer need the item,Sometimes,Yes,Rarely,Sometimes,5,No,3,5,All the above,I don't have any problem with Amazon,147512
2023/06/11 11:24:21 PM GMT+5:30,64,Male,Once a week,Beauty and Personal Care;Clothing and Fashion,Sometimes,Multiple times a day,others,First page,4,Yes,Always,Changed my mind or no longer need the item,Rarely,Yes,Rarely,Yes,4,Sometimes,4,4,Customer service,User interface of app,512176
2023/06/12 3:44:16 PM GMT+5:30,41,Male,Multiple times a week,Groceries and Gourmet Food;Beauty and Personal Care;Home and Kitchen,Yes,Few times a week,categories,Multiple pages,4,No,Often,Found a better price elsewhere,Sometimes,Yes,Rarely,No,1,Sometimes,1,3,Product recommendations,better app interface and lower shipping charges,768032
2023/06/11 11:20:57 PM GMT+5:30,59,Prefer not to say,Multiple times a week,Home and Kitchen;others,Yes,Rarely,nan,Multiple pages,2,Maybe,Rarely,High shipping costs,Often,No,Occasionally,No,3,No,3,4,User-friendly website/app interface,I have no problem with Amazon yet. But others tell me about the refund issues ,350475
2023/06/04 7:23:21 PM GMT+5:30,9,Prefer not to say,Few times a month,Beauty and Personal Care,Sometimes,Few times a week,Keyword,Multiple pages,3,Maybe,Never,High shipping costs,Never,Yes,Heavily,No,2,No,4,4,Customer service,I don't have any problem with Amazon,596388
2023/06/12 3:59:59 PM GMT+5:30,54,Prefer not to say,Multiple times a week,Beauty and Personal Care;Clothing and Fashion;Home and Kitchen,Sometimes,Few times a week,nan,First page,4,No,Always,High shipping costs,Sometimes,Yes,Occasionally,Sometimes,4,Sometimes,3,4,User-friendly website/app interface,Reducing packaging waste,110663
2023/06/08 9:39:55 PM GMT+5:30,12,Female,Once a week,Clothing and Fashion;Home and Kitchen;others,Sometimes,Rarely,Filter,First page,2,No,Often,Changed my mind or no longer need the item,Always,Yes,Moderately,Sometimes,1,Yes,5,2,Product recommendations,Customer service responsiveness,918268
2023/06/09 10:23:45 AM GMT+5:30,13,Prefer not to say,Less than once a month,Beauty and Personal Care;Clothing and Fashion;others,Yes,Few times a month,Keyword,Multiple pages,4,No,Rarely,High shipping costs,Rarely,No,Heavily,Yes,2,No,3,4,Quick delivery,User interface ,417311
2023/06/09 10:28:23 AM GMT+5:30,29,Female,Once a week,Clothing and Fashion;Home and Kitchen;others,Sometimes,Few times a month,Filter,First page,3,Yes,Often,Changed my mind or no longer need the item,Sometimes,Yes,Never,Sometimes,1,Yes,1,1,Customer service ,Product quality and accuracy,761697
2023/06/07 10:20:09 PM GMT+5:30,41,Prefer not to say,Few times a month,Beauty and Personal Care;Home and Kitchen,No,Few times a week,categories,First page,2,No,Always,Found a better price elsewhere,Rarely,Yes,Never,Yes,2,Sometimes,4,4,Product recommendations,Shipping speed and reliability,860050
2023/06/09 2:51:07 PM GMT+5:30,48,Others,Less than once a month,Groceries and Gourmet Food;Beauty and Personal Care;Home and Kitchen,Yes,Multiple times a day,Keyword,Multiple pages,5,Yes,Always,Found a better price elsewhere,Rarely,Yes,Rarely,Sometimes,2,Yes,2,5,Quick delivery,Nothing,654941
2023/06/12 3:48:11 PM GMT+5:30,44,Prefer not to say,Once a week,Groceries and Gourmet Food;Beauty and Personal Care;others,Sometimes,Rarely,Keyword,First page,4,Maybe,Never,Changed my mind or no longer need the item,Never,No,Heavily,Yes,1,Sometimes,5,3,Competitive prices,Add more familiar brands to the list,390017
2023/06/08 5:41:46 PM GMT+5:30,11,Male,Less than once a month,Clothing and Fashion,Yes,Rarely,Keyword,First page,2,No,Sometimes,Changed my mind or no longer need the item,Never,Yes,Never,No,1,No,3,5,Customer service ,No problems with Amazon,213732
2023/06/07 10:41:10 PM GMT+5:30,11,Male,Multiple times a week,Beauty and Personal Care;Clothing and Fashion;Home and Kitchen,No,Multiple times a day,categories,Multiple pages,4,Yes,Often,High shipping costs,Often,No,Moderately,No,2,Sometimes,1,3,Product recommendations,Scrolling option would be much better than going to next page,967316
2023/06/09 2:39:47 PM GMT+5:30,61,Prefer not to say,Less than once a month,Clothing and Fashion;others,Sometimes,Few times a month,Keyword,Multiple pages,1,Yes,Never,Changed my mind or no longer need the item,Rarely,No,Never,Sometimes,5,No,3,2,User-friendly website/app interface,Nothing,347217
2023/06/07 9:17:50 PM GMT+5:30,43,Female,Less than once a month,Groceries and Gourmet Food;Beauty and Personal Care;Clothing and Fashion;others,Yes,Few times a week,categories,Multiple pages,2,No,Rarely,Found a better price elsewhere,Rarely,No,Rarely,Yes,1,No,1,4,Customer service,.,631461
2023/06/05 8:43:26 AM GMT+5:30,6,Others,Less than once a month,Home and Kitchen;others,Sometimes,Rarely,Filter,First page,4,Yes,Sometimes,others,Rarely,Yes,Heavily,Sometimes,1,Sometimes,5,1,.,Scrolling option would be much better than going to next page,749592
2023/06/07 9:19:32 PM GMT+5:30,45,Female,Less than once a month,Clothing and Fashion,Sometimes,Multiple times a day,nan,Multiple pages,5,No,Sometimes,High shipping costs,Sometimes,No,Rarely,Sometimes,4,Sometimes,3,3,Product recommendations,Customer service responsiveness,584484
2023/06/05 10:06:15 PM GMT+5:30,20,Others,Multiple times a week,Groceries and Gourmet Food;Beauty and Personal Care,Sometimes,Few times a month,Filter,Multiple pages,2,Maybe,Rarely,Found a better price elsewhere,Never,No,Occasionally,Yes,3,Sometimes,4,5,Wide product selection,Product quality and accuracy,990015
2023/06/09 2:39:47 PM GMT+5:30,57,Prefer not to say,Multiple times a week,Groceries and Gourmet Food;Clothing and Fashion;others,No,Few times a week,nan,First page,2,Yes,Often,Found a better price elsewhere,Often,Yes,Rarely,No,4,Yes,3,4,Quick delivery,Customer service responsiveness,612813
2023/06/12 3:29:20 PM GMT+5:30,25,Female,Few times a month,Groceries and Gourmet Food,Sometimes,Few times a month,others,First page,2,Yes,Never,Found a better price elsewhere,Never,No,Moderately,Sometimes,2,Yes,5,2,User-friendly website/app interface,.,924083
2023/06/07 8:41:53 PM GMT+5:30,34,Male,Less than once a month,others,Yes,Multiple times a day,Filter,First page,4,Maybe,Often,Found a better price elsewhere,Rarely,No,Occasionally,Yes,4,No,1,5,.,.,493765
2023/06/08 3:27:57 AM GMT+5:30,62,Male,Once a week,Groceries and Gourmet Food,Sometimes,Few times a week,Keyword,Multiple pages,5,Maybe,Often,High shipping costs,Sometimes,Yes,Never,Yes,1,Yes,5,4,Wide product selection,Customer service responsiveness,871998
2023/06/06 9:45:55 AM GMT+5:30,47,Male,Multiple times a week,Groceries and Gourmet Food;Home and Kitchen;others,No,Few times a month,categories,Multiple pages,5,Maybe,Sometimes,others,Never,Yes,Moderately,Yes,5,Sometimes,5,5,Competitive prices,.,777717
2023/06/08 5:14:30 PM GMT+5:30,37,Male,Once a week,Clothing and Fashion;Home and Kitchen,Sometimes,Multiple times a day,others,Multiple pages,5,No,Sometimes,Changed my mind or no longer need the item,Rarely,Yes,Never,Sometimes,4,No,1,4,Quick delivery,Quality of product is very poor according to the big offers,105898
2023/06/06 6:40:30 PM GMT+5:30,39,Others,Multiple times a week,Groceries and Gourmet Food;Beauty and Personal Care;Clothing and Fashion;others,Yes,Few times a month,Keyword,First page,1,Yes,Often,others,Always,No,Heavily,Sometimes,5,No,3,2,All the above,.,472281
2023/06/11 11:17:41 PM GMT+5:30,32,Others,Few times a month,Beauty and Personal Care;Clothing and Fashion;others,Yes,Multiple times a day,others,Multiple pages,1,No,Always,Found a better price elsewhere,Sometimes,Yes,Heavily,No,3,Yes,4,4,All the above,User interface of app,710538
2023/06/06 7:02:21 PM GMT+5:30,35,Female,Few times a month,Groceries and Gourmet Food;Clothing and Fashion,No,Few times a week,others,First page,4,Maybe,Never,others,Rarely,No,Occasionally,Yes,3,Sometimes,4,5,Customer service ,Product quality and accuracy,840304
2023/06/09 2:22:25 PM GMT+5:30,29,Male,Few times a month,Clothing and Fashion;Home and Kitchen;others,No,Multiple times a day,categories,Multiple pages,3,Yes,Rarely,Changed my mind or no longer need the item,Never,Yes,Never,Yes,5,Sometimes,5,4,.,I have no problem with Amazon yet. But others tell me about the refund issues ,903555
2023/06/09 4:28:58 PM GMT+5:30,34,Male,Once a month,Beauty and Personal Care;Home and Kitchen,No,Multiple times a day,others,Multiple pages,4,Maybe,Sometimes,others,Never,No,Rarely,Yes,2,Yes,4,4,All the above,User interface ,848855
2023/06/07 10:35:06 PM GMT+5:30,9,Prefer not to say,Less than once a month,Beauty and Personal Care;Clothing and Fashion;others,No,Few times a month,nan,First page,2,No,Always,Changed my mind or no longer need the item,Never,No,Rarely,No,3,Yes,1,5,Competitive prices,Reducing packaging waste,591698
2023/06/08 5:38:57 PM GMT+5:30,42,Female,Multiple times a week,Groceries and Gourmet Food;Beauty and Personal Care;Clothing and Fashion;Home and Kitchen;others,Sometimes,Rarely,categories,First page,1,Yes,Always,others,Often,No,Never,No,2,Sometimes,3,5,Customer service ,Nothing,792796
2023/06/05 12:57:05 AM GMT+5:30,54,Female,Few times a month,Home and Kitchen;others,Yes,Few times a month,Keyword,Multiple pages,2,No,Sometimes,High shipping costs,Never,Yes,Rarely,No,4,No,1,5,Customer service,Add more familiar brands to the list,363434
2023/06/08 3:24:37 AM GMT+5:30,59,Male,Once a week,Clothing and Fashion,No,Multiple times a day,Filter,First page,1,Maybe,Always,others,Often,No,Occasionally,Yes,5,No,2,5,Competitive prices,User interface ,396051
2023/06/04 7:23:21 PM GMT+5:30,52,Others,Multiple times a week,Beauty and Personal Care;Clothing and Fashion;others,Sometimes,Few times a week,Filter,Multiple pages,4,Yes,Always,others,Never,Yes,Rarely,Sometimes,4,Yes,1,3,All the above,better app interface and lower shipping charges,387858
2023/06/09 10:22:35 AM GMT+5:30,40,Others,Less than once a month,Home and Kitchen,Yes,Few times a month,nan,First page,3,Yes,Rarely,Changed my mind or no longer need the item,Often,No,Moderately,Sometimes,1,Sometimes,3,3,User-friendly website/app interface,Product quality and accuracy,275931
2023/06/04 9:22:58 PM GMT+5:30,39,Male,Less than once a month,Groceries and Gourmet Food;Home and Kitchen;others,Sometimes,Multiple times a day,others,First page,5,Yes,Always,others,Often,Yes,Occasionally,Sometimes,4,No,5,2,User-friendly website/app interface,.,800080
2023/06/06 7:46:27 PM GMT+5:30,52,Female,Multiple times a week,Home and Kitchen,No,Few times a week,nan,Multiple pages,5,Yes,Often,others,Sometimes,Yes,Occasionally,Sometimes,4,Sometimes,3,1,Product recommendations,better app interface and lower shipping charges,715522
2023/06/06 10:22:47 AM GMT+5:30,11,Others,Once a week,Beauty and Personal Care;Home and Kitchen,Sometimes,Multiple times a day,Keyword,First page,3,Yes,Never,Changed my mind or no longer need the item,Often,No,Heavily,Yes,2,Sometimes,4,4,.,.,603447
2023/06/07 12:39:08 PM GMT+5:30,13,Prefer not to say,Once a week,Groceries and Gourmet Food;Home and Kitchen,No,Multiple times a day,Keyword,First page,4,Maybe,Always,High shipping costs,Sometimes,No,Rarely,Yes,1,No,3,5,Customer service,better app interface and lower shipping charges,515483
2023/06/11 11:02:55 PM GMT+5:30,49,Others,Multiple times a week,Beauty and Personal Care;Clothing and Fashion;others,Sometimes,Multiple times a day,nan,First page,4,No,Often,High shipping costs,Never,Yes,Never,Sometimes,1,Yes,3,5,Quick delivery,Quality of product is very poor according to the big offers,114483
2023/06/07 12:13:39 PM GMT+5:30,9,Prefer not to say,Less than once a month,Clothing and Fashion,No,Rarely,others,First page,2,Yes,Rarely,Changed my mind or no longer need the item,Never,Yes,Rarely,Yes,4,No,1,2,Product recommendations,I don't have any problem with Amazon,272544
2023/06/08 5:53:11 PM GMT+5:30,46,Female,Once a month,Home and Kitchen,Sometimes,Few times a week,Keyword,Multiple pages,4,No,Often,Changed my mind or no longer need the item,Often,No,Rarely,No,5,Sometimes,5,4,Customer service ,Nothing,480464
2023/06/08 5:38:57 PM GMT+5:30,8,Prefer not to say,Multiple times a week,Groceries and Gourmet Food;Beauty and Personal Care;Clothing and Fashion,Sometimes,Multiple times a day,nan,Multiple pages,4,No,Never,others,Rarely,No,Never,Yes,4,Sometimes,2,2,Competitive prices,.,985253
2023/06/12 3:33:53 PM GMT+5:30,56,Prefer not to say,Once a month,Groceries and Gourmet Food;Beauty and Personal Care;others,No,Rarely,categories,Multiple pages,3,Yes,Never,others,Rarely,No,Heavily,No,2,No,1,4,Customer service ,better app interface and lower shipping charges,307780
2023/06/11 9:15:38 PM GMT+5:30,7,Male,Less than once a month,Groceries and Gourmet Food;Beauty and Personal Care;Clothing and Fashion;others,No,Few times a week,Filter,Multiple pages,4,Yes,Often,Changed my mind or no longer need the item,Always,Yes,Heavily,Sometimes,1,Sometimes,4,5,User-friendly website/app interface,Add more familiar brands to the list,233392
2023/06/11 9:31:41 AM GMT+5:30,43,Female,Multiple times a week,Beauty and Personal Care,No,Few times a week,nan,Multiple pages,4,Maybe,Never,others,Always,No,Moderately,Sometimes,4,Yes,2,5,Customer service ,Product quality and accuracy,413234
2023/06/09 4:31:06 PM GMT+5:30,62,Others,Once a month,Groceries and Gourmet Food;Beauty and Personal Care;Home and Kitchen,Sometimes,Multiple times a day,nan,Multiple pages,3,Yes,Often,others,Often,No,Rarely,Sometimes,4,No,1,2,Product recommendations,No problems with Amazon,938052
2023/06/08 5:39:57 PM GMT+5:30,15,Female,Once a month,Groceries and Gourmet Food;Beauty and Personal Care;Clothing and Fashion,Sometimes,Few times a month,Filter,First page,3,Maybe,Always,High shipping costs,Rarely,Yes,Never,No,2,Yes,5,2,Product recommendations,Product quality and accuracy,930636
2023/06/08 5:13:33 PM GMT+5:30,14,Female,Less than once a month,Beauty and Personal Care;Clothing and Fashion;Home and Kitchen,Yes,Few times a week,Keyword,Multiple pages,3,Maybe,Often,others,Sometimes,No,Moderately,Sometimes,1,Sometimes,5,4,Wide product selection,Reducing packaging waste,861797
2023/06/09 10:28:23 AM GMT+5:30,60,Male,Once a week,Beauty and Personal Care;Clothing and Fashion;Home and Kitchen,Yes,Rarely,Filter,Multiple pages,4,Yes,Often,Found a better price elsewhere,Often,No,Moderately,Yes,3,Yes,5,5,Competitive prices,User interface of app,822424
2023/06/08 10:41:11 PM GMT+5:30,15,Prefer not to say,Once a week,Groceries and Gourmet Food;Beauty and Personal Care,Sometimes,Multiple times a day,others,Multiple pages,3,Yes,Sometimes,others,Rarely,Yes,Moderately,Sometimes,2,No,2,4,User-friendly website/app interface,Reducing packaging waste,557684
2023/06/12 3:51:31 PM GMT+5:30,10,Others,Less than once a month,Beauty and Personal Care;Clothing and Fashion;Home and Kitchen;others,No,Rarely,nan,Multiple pages,4,Maybe,Always,others,Always,Yes,Heavily,No,5,No,2,3,Quick delivery,.,902263
2023/06/08 5:57:03 PM GMT+5:30,46,Female,Once a month,Beauty and Personal Care;Home and Kitchen;others,Sometimes,Rarely,nan,Multiple pages,5,Maybe,Never,Changed my mind or no longer need the item,Never,Yes,Moderately,No,2,Sometimes,4,3,Competitive prices,UI,114380
2023/06/05 7:04:21 PM GMT+5:30,48,Female,Multiple times a week,Clothing and Fashion,No,Multiple times a day,others,First page,1,Yes,Always,High shipping costs,Sometimes,No,Never,Sometimes,3,Sometimes,5,2,All the above,Irrelevant product suggestions,604517
2023/06/06 7:42:51 PM GMT+5:30,26,Male,Less than once a month,Beauty and Personal Care;others,Yes,Few times a month,categories,Multiple pages,5,No,Sometimes,Found a better price elsewhere,Sometimes,No,Never,Yes,2,No,2,1,User-friendly website/app interface,better app interface and lower shipping charges,475088
2023/06/08 3:30:05 AM GMT+5:30,4,Prefer not to say,Few times a month,Groceries and Gourmet Food;Beauty and Personal Care;others,Sometimes,Multiple times a day,Keyword,First page,3,No,Always,others,Never,No,Never,No,1,No,4,1,Competitive prices,User interface of app,380572
2023/06/09 9:31:57 AM GMT+5:30,9,Male,Multiple times a week,Home and Kitchen,No,Multiple times a day,Keyword,Multiple pages,4,Yes,Sometimes,High shipping costs,Never,Yes,Moderately,No,3,No,1,1,User-friendly website/app interface,better app interface and lower shipping charges,863199
2023/06/06 12:00:16 PM GMT+5:30,44,Others,Once a week,Beauty and Personal Care;Clothing and Fashion;others,No,Multiple times a day,others,Multiple pages,5,No,Often,High shipping costs,Never,Yes,Occasionally,No,2,Sometimes,5,5,User-friendly website/app interface,Nil,572012
2023/06/11 11:27:55 PM GMT+5:30,29,Others,Multiple times a week,others,Sometimes,Few times a week,categories,Multiple pages,2,No,Always,High shipping costs,Never,Yes,Rarely,No,4,Sometimes,1,3,Customer service,better app interface and lower shipping charges,461630
2023/06/07 9:17:50 PM GMT+5:30,40,Male,Less than once a month,Groceries and Gourmet Food;Beauty and Personal Care;others,Yes,Rarely,Keyword,Multiple pages,2,Maybe,Never,High shipping costs,Often,Yes,Never,No,2,Yes,5,5,Wide product selection,User interface of app,804608
2023/06/09 7:24:57 PM GMT+5:30,31,Female,Few times a month,Groceries and Gourmet Food;Beauty and Personal Care;Clothing and Fashion;Home and Kitchen,Sometimes,Few times a week,Filter,First page,2,Yes,Sometimes,Found a better price elsewhere,Sometimes,No,Rarely,Sometimes,3,No,1,3,User-friendly website/app interface,Product quality and accuracy,213989
2023/06/09 2:43:37 PM GMT+5:30,10,Female,Once a week,Groceries and Gourmet Food,Yes,Few times a month,Filter,First page,3,No,Always,High shipping costs,Always,No,Rarely,Sometimes,5,Yes,2,4,Product recommendations,Irrelevant product suggestions,615467
2023/06/07 10:11:28 PM GMT+5:30,62,Female,Once a month,Home and Kitchen;others,No,Few times a month,Keyword,First page,5,Maybe,Sometimes,Changed my mind or no longer need the item,Rarely,Yes,Never,Yes,1,No,4,1,Wide product selection,Customer service responsiveness,949506
2023/06/08 5:06:30 PM GMT+5:30,59,Male,Few times a month,Beauty and Personal Care;Clothing and Fashion;others,Yes,Multiple times a day,nan,Multiple pages,2,Maybe,Often,others,Never,Yes,Moderately,No,2,No,2,5,Quick delivery,Irrelevant product suggestions,280922
2023/06/09 3:10:36 PM GMT+5:30,59,Prefer not to say,Multiple times a week,Beauty and Personal Care;Clothing and Fashion,Yes,Few times a week,Filter,Multiple pages,5,Yes,Never,others,Never,Yes,Moderately,No,2,Yes,2,2,Competitive prices,Scrolling option would be much better than going to next page,533690
2023/06/04 5:04:56 PM GMT+5:30,66,Male,Multiple times a week,Beauty and Personal Care;others,Sometimes,Rarely,Filter,Multiple pages,1,Maybe,Always,others,Rarely,Yes,Rarely,Yes,2,No,2,5,Product recommendations,UI,864609
2023/06/08 3:23:36 AM GMT+5:30,58,Prefer not to say,Multiple times a week,Home and Kitchen,Yes,Few times a week,Keyword,First page,4,Maybe,Sometimes,others,Sometimes,Yes,Occasionally,No,1,Yes,2,3,Wide product selection,better app interface and lower shipping charges,872487
2023/06/04 10:13:28 PM GMT+5:30,44,Others,Once a month,Groceries and Gourmet Food;Beauty and Personal Care;Clothing and Fashion;others,Sometimes,Few times a month,nan,Multiple pages,3,Maybe,Always,High shipping costs,Sometimes,Yes,Heavily,No,2,No,3,5,Quick delivery,Reducing packaging waste,390735
2023/06/08 11:59:14 AM GMT+5:30,8,Female,Less than once a month,Groceries and Gourmet Food;Beauty and Personal Care;Clothing and Fashion;Home and Kitchen,Yes,Rarely,Keyword,First page,3,No,Never,Changed my mind or no longer need the item,Never,Yes,Rarely,No,5,No,1,4,Wide product selection,Shipping speed and reliability,224325
2023/06/05 3:28:01 PM GMT+5:30,12,Others,Few times a month,Beauty and Personal Care;Clothing and Fashion,No,Multiple times a day,categories,Multiple pages,3,Maybe,Never,Found a better price elsewhere,Sometimes,Yes,Heavily,Yes,2,Yes,4,2,Competitive prices,User interface ,949566
2023/06/04 8:20:42 PM GMT+5:30,55,Male,Once a week,Clothing and Fashion;Home and Kitchen;others,No,Few times a week,Filter,First page,4,Yes,Rarely,Changed my mind or no longer need the item,Rarely,No,Occasionally,No,3,Yes,3,1,User-friendly website/app interface,better app interface and lower shipping charges,568361
2023/06/07 6:20:53 PM GMT+5:30,10,Prefer not to say,Once a month,Beauty and Personal Care;others,Sometimes,Few times a month,Keyword,Multiple pages,5,No,Sometimes,Changed my mind or no longer need the item,Rarely,Yes,Rarely,Yes,1,Yes,4,5,Customer service,Scrolling option would be much better than going to next page,852780
2023/06/04 11:38:30 PM GMT+5:30,53,Male,Once a month,Beauty and Personal Care;Clothing and Fashion;Home and Kitchen,Yes,Multiple times a day,others,Multiple pages,4,Yes,Always,Changed my mind or no longer need the item,Never,No,Never,Sometimes,4,Yes,2,2,Quick delivery,Nil,584424
2023/06/06 6:51:13 PM GMT+5:30,49,Male,Few times a month,Beauty and Personal Care,No,Multiple times a day,others,Multiple pages,4,Yes,Rarely,High shipping costs,Always,Yes,Heavily,Sometimes,1,No,5,5,Quick delivery,Add more familiar brands to the list,858170
2023/06/05 3:28:01 PM GMT+5:30,52,Others,Once a week,Clothing and Fashion,Sometimes,Multiple times a day,Keyword,Multiple pages,2,No,Never,Found a better price elsewhere,Often,Yes,Occasionally,Sometimes,5,Yes,4,3,Wide product selection,Scrolling option would be much better than going to next page,940379
2023/06/11 10:44:46 PM GMT+5:30,37,Prefer not to say,Multiple times a week,Groceries and Gourmet Food;Beauty and Personal Care;Clothing and Fashion,No,Rarely,Keyword,First page,2,Yes,Rarely,Changed my mind or no longer need the item,Sometimes,Yes,Never,Sometimes,5,Yes,4,1,All the above,Quality of product is very poor according to the big offers,171160
2023/06/07 12:50:13 PM GMT+5:30,65,Others,Few times a month,Home and Kitchen;others,No,Few times a week,others,Multiple pages,2,Yes,Never,High shipping costs,Always,No,Occasionally,Yes,2,No,4,3,All the above,User interface of app,585806
2023/06/08 5:25:40 PM GMT+5:30,54,Others,Multiple times a week,Groceries and Gourmet Food;Clothing and Fashion,Yes,Few times a week,others,First page,5,Maybe,Often,others,Sometimes,No,Occasionally,Sometimes,1,No,3,1,All the above,Nothing,346197
2023/06/09 3:26:38 PM GMT+5:30,26,Prefer not to say,Once a week,Groceries and Gourmet Food;Home and Kitchen,No,Rarely,Keyword,First page,1,Yes,Never,Changed my mind or no longer need the item,Rarely,No,Occasionally,Yes,3,Sometimes,4,2,Competitive prices,Scrolling option would be much better than going to next page,354058
2023/06/08 5:52:26 PM GMT+5:30,14,Others,Multiple times a week,Groceries and Gourmet Food;Clothing and Fashion;Home and Kitchen;others,No,Multiple times a day,nan,Multiple pages,1,No,Always,High shipping costs,Never,No,Heavily,Sometimes,3,Yes,3,2,User-friendly website/app interface,Irrelevant product suggestions,799661
2023/06/06 11:49:21 AM GMT+5:30,59,Prefer not to say,Once a week,Clothing and Fashion;others,Yes,Few times a month,Filter,Multiple pages,5,Yes,Sometimes,Found a better price elsewhere,Sometimes,No,Rarely,No,2,Sometimes,3,3,All the above,Reducing packaging waste,220955
2023/06/07 9:53:52 PM GMT+5:30,65,Female,Less than once a month,others,No,Few times a week,categories,First page,2,Maybe,Never,High shipping costs,Often,No,Occasionally,Yes,1,No,4,1,Customer service,I have no problem with Amazon yet. But others tell me about the refund issues ,502860
2023/06/06 10:07:39 AM GMT+5:30,57,Female,Multiple times a week,Groceries and Gourmet Food;Home and Kitchen;others,Sometimes,Rarely,categories,Multiple pages,3,Yes,Sometimes,High shipping costs,Often,Yes,Never,Sometimes,4,Sometimes,3,3,All the above,UI,475925
2023/06/08 5:30:12 PM GMT+5:30,22,Male,Once a month,Beauty and Personal Care;Home and Kitchen;others,Sometimes,Rarely,Filter,Multiple pages,2,No,Always,Found a better price elsewhere,Sometimes,Yes,Heavily,No,3,No,5,3,Quick delivery,Scrolling option would be much better than going to next page,344633
2023/06/07 12:01:15 PM GMT+5:30,15,Prefer not to say,Few times a month,Beauty and Personal Care;Clothing and Fashion;Home and Kitchen;others,No,Rarely,nan,First page,3,Yes,Rarely,High shipping costs,Often,No,Never,No,3,Sometimes,4,4,Product recommendations,Product quality and accuracy,480322
2023/06/06 6:38:45 PM GMT+5:30,5,Others,Less than once a month,Home and Kitchen;others,Sometimes,Multiple times a day,Filter,Multiple pages,1,Yes,Sometimes,others,Rarely,No,Moderately,Sometimes,5,No,2,2,Customer service,Irrelevant product suggestions,424368
2023/06/08 6:01:31 PM GMT+5:30,54,Female,Once a month,Clothing and Fashion;Home and Kitchen,Sometimes,Few times a week,categories,Multiple pages,4,No,Never,others,Never,No,Rarely,No,5,Sometimes,2,3,.,I don't have any problem with Amazon,535646
2023/06/09 9:35:19 AM GMT+5:30,66,Prefer not to say,Few times a month,Beauty and Personal Care;Clothing and Fashion;Home and Kitchen,Yes,Few times a week,categories,Multiple pages,2,Maybe,Always,others,Sometimes,Yes,Occasionally,No,3,Yes,5,2,Customer service,I don't have any problem with Amazon,224683
2023/06/07 10:16:22 PM GMT+5:30,47,Male,Once a month,Groceries and Gourmet Food;Beauty and Personal Care;Clothing and Fashion;Home and Kitchen;others,No,Few times a month,Filter,First page,4,Maybe,Sometimes,others,Never,No,Moderately,No,4,Sometimes,3,5,Competitive prices,Add more familiar brands to the list,262962
2023/06/08 5:47:32 PM GMT+5:30,15,Female,Multiple times a week,others,No,Multiple times a day,others,Multiple pages,3,No,Rarely,others,Never,No,Rarely,No,4,Sometimes,4,3,.,I have no problem with Amazon yet. But others tell me about the refund issues ,415440
2023/06/08 4:29:56 PM GMT+5:30,11,Others,Less than once a month,Groceries and Gourmet Food;Beauty and Personal Care;Home and Kitchen,No,Multiple times a day,others,Multiple pages,4,No,Never,Found a better price elsewhere,Rarely,Yes,Occasionally,Yes,3,No,4,2,Product recommendations,.,165773
2023/06/05 10:09:03 PM GMT+5:30,22,Male,Multiple times a week,Groceries and Gourmet Food;Beauty and Personal Care;Clothing and Fashion;Home and Kitchen,No,Rarely,Filter,First page,3,Maybe,Always,Changed my mind or no longer need the item,Often,Yes,Moderately,Yes,3,Sometimes,5,1,Quick delivery,Add more familiar brands to the list,126741
2023/06/11 10:45:34 PM GMT+5:30,13,Prefer not to say,Once a week,Beauty and Personal Care;Clothing and Fashion;Home and Kitchen;others,Yes,Multiple times a day,nan,Multiple pages,1,Yes,Always,Found a better price elsewhere,Rarely,Yes,Occasionally,No,5,Yes,5,5,Customer service,Quality of product is very poor according to the big offers,976286
2023/06/07 1:33:51 PM GMT+5:30,7,Others,Less than once a month,Beauty and Personal Care;Clothing and Fashion;Home and Kitchen,No,Rarely,Filter,First page,1,Yes,Sometimes,Changed my mind or no longer need the item,Never,No,Occasionally,No,3,No,3,2,Customer service ,Add more familiar brands to the list,159059
2023/06/05 1:35:41 PM GMT+5:30,26,Male,Multiple times a week,Groceries and Gourmet Food;Home and Kitchen,Yes,Few times a month,Keyword,Multiple pages,1,Maybe,Never,Found a better price elsewhere,Often,No,Never,No,4,Sometimes,3,2,Wide product selection,better app interface and lower shipping charges,259972
2023/06/09 9:33:35 AM GMT+5:30,33,Female,Once a month,Groceries and Gourmet Food;Clothing and Fashion;others,Yes,Multiple times a day,nan,First page,2,No,Rarely,others,Never,Yes,Rarely,Yes,5,No,3,1,Competitive prices,Product quality and accuracy,548242
2023/06/07 10:58:04 PM GMT+5:30,40,Others,Once a month,Beauty and Personal Care;Clothing and Fashion;Home and Kitchen;others,No,Multiple times a day,Filter,Multiple pages,4,Yes,Sometimes,Changed my mind or no longer need the item,Rarely,No,Rarely,Yes,2,Yes,2,1,Customer service,Product quality and accuracy,121238
2023/06/08 5:14:30 PM GMT+5:30,44,Others,Less than once a month,Beauty and Personal Care;Clothing and Fashion,Sometimes,Few times a month,categories,First page,3,Yes,Rarely,High shipping costs,Sometimes,Yes,Rarely,Yes,4,Sometimes,4,1,All the above,I don't have any problem with Amazon,626517
2023/06/09 3:08:38 PM GMT+5:30,33,Others,Once a month,Clothing and Fashion;Home and Kitchen;others,No,Few times a month,others,Multiple pages,3,No,Never,Changed my mind or no longer need the item,Sometimes,No,Moderately,Yes,4,Sometimes,4,5,All the above,Nil,107788
2023/06/08 5:46:49 PM GMT+5:30,44,Female,Once a month,Beauty and Personal Care;Home and Kitchen;others,Yes,Few times a month,Filter,First page,2,Maybe,Sometimes,Found a better price elsewhere,Often,No,Moderately,Yes,2,Sometimes,1,1,All the above,Nil,394506
2023/06/09 10:26:01 AM GMT+5:30,11,Male,Less than once a month,Beauty and Personal Care;Clothing and Fashion;Home and Kitchen;others,Sometimes,Rarely,categories,Multiple pages,3,No,Never,Found a better price elsewhere,Never,No,Occasionally,No,3,No,2,5,All the above,.,876357
2023/06/11 10:49:49 PM GMT+5:30,5,Female,Multiple times a week,Home and Kitchen;others,Yes,Few times a week,others,First page,2,Yes,Never,Found a better price elsewhere,Often,Yes,Rarely,Sometimes,3,Yes,2,2,Product recommendations,User interface of app,256934
2023/06/10 10:49:42 AM GMT+5:30,10,Male,Multiple times a week,Home and Kitchen;others,Yes,Rarely,nan,First page,2,Yes,Rarely,others,Often,Yes,Moderately,Yes,4,Sometimes,5,1,All the above,Nothing,171755
2023/06/07 6:20:00 PM GMT+5:30,34,Female,Multiple times a week,Clothing and Fashion,Sometimes,Multiple times a day,others,Multiple pages,1,Maybe,Never,Found a better price elsewhere,Often,Yes,Rarely,No,4,Sometimes,1,3,User-friendly website/app interface,.,993080
2023/06/08 10:21:20 PM GMT+5:30,53,Others,Few times a month,Groceries and Gourmet Food;Beauty and Personal Care;Clothing and Fashion;others,Sometimes,Rarely,Keyword,First page,4,Maybe,Often,others,Rarely,Yes,Heavily,Sometimes,3,Sometimes,2,2,Competitive prices,I have no problem with Amazon yet. But others tell me about the refund issues ,650722
2023/06/12 3:59:10 PM GMT+5:30,11,Male,Few times a month,Beauty and Personal Care;Clothing and Fashion,Yes,Multiple times a day,Filter,First page,3,Yes,Never,Changed my mind or no longer need the item,Never,No,Never,No,2,Yes,3,2,User-friendly website/app interface,Scrolling option would be much better than going to next page,170469
2023/06/11 11:17:41 PM GMT+5:30,35,Others,Once a week,Home and Kitchen;others,Yes,Few times a month,others,Multiple pages,1,No,Rarely,Found a better price elsewhere,Never,No,Heavily,Sometimes,1,Yes,4,4,All the above,Reducing packaging waste,216871
2023/06/11 11:17:41 PM GMT+5:30,38,Prefer not to say,Few times a month,Beauty and Personal Care;Clothing and Fashion,Yes,Multiple times a day,categories,First page,3,Maybe,Rarely,High shipping costs,Sometimes,Yes,Never,Yes,4,Sometimes,3,5,User-friendly website/app interface,Product quality and accuracy,950704
2023/06/12 4:02:02 PM GMT+5:30,10,Prefer not to say,Multiple times a week,Groceries and Gourmet Food;Beauty and Personal Care;Clothing and Fashion;others,Sometimes,Multiple times a day,others,First page,5,No,Always,Found a better price elsewhere,Never,Yes,Rarely,No,3,No,5,5,Quick delivery,Shipping speed and reliability,904890
2023/06/07 9:27:03 AM GMT+5:30,10,Others,Once a week,Beauty and Personal Care;Home and Kitchen,Sometimes,Few times a month,nan,Multiple pages,3,Maybe,Sometimes,others,Sometimes,No,Moderately,Yes,1,No,5,4,Competitive prices,Reducing packaging waste,634016
2023/06/12 9:57:20 PM GMT+5:30,30,Male,Once a month,Beauty and Personal Care;Clothing and Fashion;others,Sometimes,Few times a month,Keyword,Multiple pages,4,Yes,Never,others,Sometimes,Yes,Heavily,Sometimes,4,Sometimes,3,3,Customer service ,Irrelevant product suggestions,340299
2023/06/08 10:54:00 AM GMT+5:30,27,Male,Multiple times a week,Beauty and Personal Care;Clothing and Fashion;Home and Kitchen,Yes,Rarely,others,Multiple pages,5,Maybe,Sometimes,others,Always,No,Never,Yes,5,Sometimes,5,3,Customer service ,better app interface and lower shipping charges,603365
2023/06/08 5:23:05 PM GMT+5:30,17,Others,Less than once a month,Groceries and Gourmet Food;Beauty and Personal Care;Clothing and Fashion,Yes,Few times a month,Filter,First page,3,Maybe,Rarely,High shipping costs,Often,Yes,Rarely,No,1,No,3,5,Product recommendations,No problems with Amazon,603986
2023/06/07 8:41:53 PM GMT+5:30,28,Prefer not to say,Few times a month,Groceries and Gourmet Food;Beauty and Personal Care,No,Rarely,Keyword,First page,3,No,Often,Changed my mind or no longer need the item,Rarely,No,Heavily,Sometimes,1,Sometimes,1,2,Customer service ,I don't have any problem with Amazon,305035
2023/06/08 9:40:50 PM GMT+5:30,67,Others,Once a month,Beauty and Personal Care;Clothing and Fashion,Sometimes,Rarely,nan,Multiple pages,1,Maybe,Rarely,others,Always,Yes,Rarely,No,1,Sometimes,4,5,.,Product quality and accuracy,696224
2023/06/06 6:43:32 PM GMT+5:30,29,Male,Once a week,Groceries and Gourmet Food;Clothing and Fashion;Home and Kitchen,Yes,Multiple times a day,categories,Multiple pages,2,Yes,Never,High shipping costs,Never,No,Heavily,No,2,Sometimes,3,2,Wide product selection,Add more familiar brands to the list,733764
2023/06/08 11:59:14 AM GMT+5:30,25,Prefer not to say,Few times a month,Groceries and Gourmet Food;Home and Kitchen,Yes,Few times a week,nan,Multiple pages,2,Yes,Sometimes,others,Never,No,Heavily,Sometimes,2,Sometimes,1,5,Customer service ,Nothing,478675
2023/06/08 5:45:59 PM GMT+5:30,7,Others,Multiple times a week,Clothing and Fashion;Home and Kitchen,Sometimes,Multiple times a day,Keyword,First page,2,Yes,Sometimes,others,Sometimes,Yes,Never,Yes,5,Sometimes,3,5,Customer service ,No problems with Amazon,812195
2023/06/07 10:58:27 AM GMT+5:30,21,Prefer not to say,Few times a month,Beauty and Personal Care;Clothing and Fashion,Sometimes,Few times a month,categories,Multiple pages,5,No,Rarely,Found a better price elsewhere,Never,Yes,Occasionally,Yes,5,No,3,5,User-friendly website/app interface,Add more familiar brands to the list,673186
2023/06/11 11:22:19 PM GMT+5:30,30,Others,Less than once a month,Clothing and Fashion,No,Few times a week,Filter,First page,4,Yes,Often,Found a better price elsewhere,Often,No,Rarely,No,1,Yes,3,4,Competitive prices,Product quality and accuracy,344233
2023/06/07 9:20:34 AM GMT+5:30,17,Male,Few times a month,Beauty and Personal Care;Clothing and Fashion,Yes,Few times a week,others,First page,5,Yes,Never,others,Always,Yes,Heavily,Sometimes,1,Sometimes,4,1,User-friendly website/app interface,User interface ,750185
2023/06/04 8:49:49 PM GMT+5:30,38,Male,Multiple times a week,Beauty and Personal Care;Clothing and Fashion;Home and Kitchen,No,Few times a month,Keyword,Multiple pages,4,Yes,Rarely,High shipping costs,Sometimes,No,Never,No,2,Yes,3,1,Customer service,.,358271
2023/06/06 6:48:26 PM GMT+5:30,10,Female,Once a week,Groceries and Gourmet Food;Clothing and Fashion;Home and Kitchen;others,No,Few times a week,others,First page,5,Maybe,Sometimes,High shipping costs,Never,No,Moderately,No,2,Yes,1,5,Wide product selection,Scrolling option would be much better than going to next page,930944
2023/06/06 7:18:01 PM GMT+5:30,67,Others,Few times a month,Clothing and Fashion;Home and Kitchen,Yes,Rarely,Keyword,First page,4,No,Often,Changed my mind or no longer need the item,Always,No,Never,Sometimes,3,Sometimes,2,2,Wide product selection,Irrelevant product suggestions,347962
2023/06/05 9:56:02 PM GMT+5:30,18,Others,Once a month,Beauty and Personal Care,Yes,Few times a month,Keyword,First page,2,Yes,Rarely,High shipping costs,Sometimes,No,Moderately,Sometimes,2,Sometimes,1,2,Customer service ,.,131715
2023/06/07 12:36:04 PM GMT+5:30,23,Female,Few times a month,Beauty and Personal Care;others,Sometimes,Few times a week,categories,Multiple pages,1,Yes,Sometimes,Found a better price elsewhere,Sometimes,No,Occasionally,Sometimes,1,Yes,4,4,Quick delivery,User interface ,269359
2023/06/11 10:58:09 PM GMT+5:30,11,Male,Few times a month,Clothing and Fashion,Yes,Few times a week,Keyword,Multiple pages,1,Yes,Sometimes,others,Often,Yes,Moderately,No,2,Yes,4,4,Competitive prices,I don't have any problem with Amazon,707753
2023/06/04 11:12:15 PM GMT+5:30,28,Male,Few times a month,Groceries and Gourmet Food;Beauty and Personal Care;others,No,Few times a month,Filter,First page,5,Yes,Often,others,Rarely,Yes,Occasionally,Sometimes,4,Yes,1,2,User-friendly website/app interface,User interface of app,293078
2023/06/07 10:09:54 PM GMT+5:30,31,Prefer not to say,Less than once a month,Clothing and Fashion,Yes,Few times a week,categories,First page,5,No,Never,Found a better price elsewhere,Sometimes,No,Moderately,Yes,5,Yes,3,5,Product recommendations,I don't have any problem with Amazon,811357
2023/06/09 10:22:03 AM GMT+5:30,40,Others,Once a month,Groceries and Gourmet Food;Clothing and Fashion;Home and Kitchen;others,No,Multiple times a day,others,First page,1,No,Always,High shipping costs,Often,Yes,Occasionally,Sometimes,1,No,1,5,.,UI,318514
2023/06/05 8:50:24 PM GMT+5:30,22,Others,Multiple times a week,Beauty and Personal Care;Clothing and Fashion;Home and Kitchen;others,Sometimes,Multiple times a day,Keyword,First page,2,Yes,Often,Found a better price elsewhere,Never,Yes,Heavily,No,2,No,1,4,Customer service,UI,903824
2023/06/08 4:29:56 PM GMT+5:30,10,Others,Multiple times a week,Home and Kitchen;others,No,Few times a month,categories,First page,1,Yes,Always,High shipping costs,Never,Yes,Moderately,Sometimes,1,Sometimes,2,1,Wide product selection,Product quality and accuracy,880842
2023/06/06 9:08:39 PM GMT+5:30,67,Prefer not to say,Once a month,Beauty and Personal Care;Clothing and Fashion;others,Yes,Few times a month,categories,Multiple pages,5,No,Sometimes,others,Rarely,Yes,Moderately,Sometimes,5,Yes,1,1,Quick delivery,User interface ,447973
2023/06/05 3:28:01 PM GMT+5:30,12,Others,Once a week,Groceries and Gourmet Food;Beauty and Personal Care;Clothing and Fashion,Sometimes,Rarely,Filter,First page,2,No,Never,Changed my mind or no longer need the item,Often,No,Heavily,Yes,5,Sometimes,4,1,Competitive prices,User interface ,704629
2023/06/07 12:27:12 PM GMT+5:30,62,Female,Few times a month,Groceries and Gourmet Food;Beauty and Personal Care;Clothing and Fashion;Home and Kitchen;others,No,Few times a month,Keyword,First page,1,No,Often,High shipping costs,Never,No,Heavily,No,4,Sometimes,4,2,.,Nil,794405
2023/06/07 9:19:23 AM GMT+5:30,38,Female,Once a month,Groceries and Gourmet Food;Beauty and Personal Care;others,No,Rarely,Keyword,First page,3,Yes,Rarely,High shipping costs,Never,Yes,Heavily,Yes,1,No,5,5,Competitive prices,I have no problem with Amazon yet. But others tell me about the refund issues ,791136
2023/06/06 3:02:38 PM GMT+5:30,32,Female,Once a month,others,Yes,Multiple times a day,nan,Multiple pages,5,Maybe,Sometimes,Found a better price elsewhere,Never,No,Heavily,Yes,3,Yes,4,5,Customer service ,Customer service responsiveness,544877
2023/06/09 8:10:05 AM GMT+5:30,11,Prefer not to say,Once a month,Groceries and Gourmet Food;Beauty and Personal Care;Clothing and Fashion;Home and Kitchen;others,Sometimes,Few times a week,Filter,Multiple pages,5,Yes,Always,Changed my mind or no longer need the item,Rarely,Yes,Moderately,No,2,No,5,3,All the above,No problems with Amazon,283135
2023/06/08 7:50:55 PM GMT+5:30,25,Others,Less than once a month,Beauty and Personal Care;Home and Kitchen;others,Sometimes,Few times a month,nan,Multiple pages,2,Yes,Never,High shipping costs,Always,Yes,Rarely,Sometimes,5,Yes,5,3,Customer service ,I don't have any problem with Amazon,176743
2023/06/05 4:46:52 PM GMT+5:30,28,Prefer not to say,Multiple times a week,Home and Kitchen,No,Few times a week,others,Multiple pages,2,No,Sometimes,others,Sometimes,Yes,Never,Yes,2,No,1,1,Customer service ,better app interface and lower shipping charges,944431
2023/06/04 5:28:06 PM GMT+5:30,47,Female,Few times a month,Groceries and Gourmet Food;Beauty and Personal Care;Home and Kitchen,Yes,Rarely,categories,First page,4,No,Never,others,Sometimes,Yes,Occasionally,Yes,2,Sometimes,5,5,Quick delivery,No problems with Amazon,408080
2023/06/08 5:28:09 PM GMT+5:30,52,Prefer not to say,Less than once a month,Clothing and Fashion,Yes,Rarely,categories,First page,4,Yes,Never,High shipping costs,Sometimes,Yes,Never,Sometimes,4,Yes,4,4,Customer service,Scrolling option would be much better than going to next page,719421
2023/06/12 3:27:59 PM GMT+5:30,45,Others,Few times a month,Groceries and Gourmet Food;Clothing and Fashion,No,Few times a month,categories,First page,4,No,Often,High shipping costs,Rarely,Yes,Rarely,No,1,Yes,3,3,Competitive prices,Add more familiar brands to the list,665463
2023/06/07 9:23:41 PM GMT+5:30,58,Others,Multiple times a week,Groceries and Gourmet Food;Beauty and Personal Care,Sometimes,Rarely,Filter,Multiple pages,1,Yes,Never,Found a better price elsewhere,Never,Yes,Rarely,No,1,Yes,5,4,Wide product selection,Product quality and accuracy,277917
2023/06/08 5:42:27 PM GMT+5:30,26,Others,Less than once a month,Groceries and Gourmet Food;Clothing and Fashion;Home and Kitchen;others,No,Few times a week,Filter,First page,4,Maybe,Rarely,Found a better price elsewhere,Always,No,Rarely,Yes,4,No,4,5,User-friendly website/app interface,Customer service responsiveness,860049
2023/06/07 11:46:52 AM GMT+5:30,5,Prefer not to say,Less than once a month,Clothing and Fashion,No,Few times a month,Filter,Multiple pages,5,No,Rarely,Changed my mind or no longer need the item,Rarely,Yes,Rarely,Sometimes,5,Sometimes,1,1,Wide product selection,Nil,545461
2023/06/11 11:04:55 PM GMT+5:30,44,Female,Multiple times a week,Beauty and Personal Care,Sometimes,Rarely,Keyword,First page,4,Yes,Sometimes,Changed my mind or no longer need the item,Always,No,Occasionally,Yes,1,Yes,1,4,Quick delivery,.,731648
2023/06/06 6:35:33 PM GMT+5:30,64,Female,Few times a month,Beauty and Personal Care;Clothing and Fashion;others,Sometimes,Few times a month,nan,Multiple pages,2,Yes,Rarely,Found a better price elsewhere,Never,Yes,Moderately,No,3,Sometimes,5,3,.,No problems with Amazon,262908
2023/06/12 3:54:44 PM GMT+5:30,60,Male,Multiple times a week,Groceries and Gourmet Food;Beauty and Personal Care;Home and Kitchen,Yes,Multiple times a day,Keyword,Multiple pages,1,Maybe,Rarely,Found a better price elsewhere,Never,Yes,Heavily,Sometimes,1,No,5,4,All the above,Irrelevant product suggestions,607675
2023/06/16 9:16:05 AM GMT+5:30,48,Female,Once a month,Groceries and Gourmet Food;Beauty and Personal Care;Clothing and Fashion;Home and Kitchen;others,Yes,Few times a week,nan,Multiple pages,1,Yes,Sometimes,others,Often,No,Never,No,1,Sometimes,4,5,Product recommendations,I don't have any problem with Amazon,601464
2023/06/07 3:56:01 PM GMT+5:30,29,Male,Once a month,Clothing and Fashion,Yes,Multiple times a day,categories,Multiple pages,4,No,Often,others,Rarely,No,Occasionally,No,5,Sometimes,3,5,All the above,Nil,110100
2023/06/08 10:54:00 AM GMT+5:30,64,Female,Multiple times a week,Beauty and Personal Care;Clothing and Fashion;others,Yes,Rarely,Filter,Multiple pages,5,No,Always,Changed my mind or no longer need the item,Sometimes,Yes,Never,Yes,5,Sometimes,5,4,Wide product selection,Reducing packaging waste,608182
2023/06/07 2:40:30 PM GMT+5:30,45,Prefer not to say,Few times a month,Groceries and Gourmet Food;Beauty and Personal Care;Clothing and Fashion;others,Yes,Few times a week,categories,Multiple pages,1,Maybe,Often,High shipping costs,Sometimes,No,Rarely,Yes,2,No,4,2,Competitive prices,Customer service responsiveness,301090
2023/06/09 3:10:36 PM GMT+5:30,65,Female,Once a week,Groceries and Gourmet Food;Home and Kitchen;others,No,Rarely,Keyword,Multiple pages,3,No,Rarely,High shipping costs,Never,No,Moderately,No,1,Yes,2,1,Customer service ,Irrelevant product suggestions,851304
2023/06/11 11:16:58 PM GMT+5:30,38,Female,Multiple times a week,Groceries and Gourmet Food;Home and Kitchen,Yes,Few times a week,others,Multiple pages,1,Yes,Rarely,High shipping costs,Sometimes,No,Occasionally,Sometimes,3,Sometimes,1,3,User-friendly website/app interface,Customer service responsiveness,815914
2023/06/06 9:08:39 PM GMT+5:30,39,Others,Less than once a month,Groceries and Gourmet Food;Home and Kitchen;others,Yes,Multiple times a day,others,Multiple pages,1,No,Never,others,Sometimes,Yes,Rarely,Yes,2,No,4,4,Wide product selection,better app interface and lower shipping charges,970204
2023/06/07 9:16:59 PM GMT+5:30,59,Prefer not to say,Once a week,Beauty and Personal Care;Home and Kitchen;others,No,Multiple times a day,nan,First page,1,Maybe,Always,Found a better price elsewhere,Often,Yes,Moderately,Yes,4,No,5,5,User-friendly website/app interface,Shipping speed and reliability,300015
2023/06/10 11:21:59 PM GMT+5:30,53,Prefer not to say,Once a week,Groceries and Gourmet Food;Beauty and Personal Care;Clothing and Fashion;Home and Kitchen;others,Sometimes,Few times a week,others,First page,4,Yes,Sometimes,Changed my mind or no longer need the item,Sometimes,Yes,Never,Sometimes,5,Sometimes,2,4,User-friendly website/app interface,UI,640260
2023/06/12 2:43:30 PM GMT+5:30,63,Others,Few times a month,Groceries and Gourmet Food;Home and Kitchen;others,Sometimes,Few times a week,categories,Multiple pages,2,Maybe,Often,Found a better price elsewhere,Never,Yes,Never,No,3,Yes,4,5,All the above,.,351065
2023/06/08 7:00:57 AM GMT+5:30,46,Female,Once a week,Beauty and Personal Care;others,No,Few times a month,Filter,First page,2,No,Sometimes,Changed my mind or no longer need the item,Rarely,No,Heavily,Yes,1,Sometimes,4,3,Customer service ,better app interface and lower shipping charges,888767
2023/06/09 10:30:39 AM GMT+5:30,50,Male,Less than once a month,Clothing and Fashion;Home and Kitchen,Yes,Multiple times a day,nan,First page,4,Yes,Always,High shipping costs,Always,No,Heavily,Yes,2,Yes,3,4,Quick delivery,Irrelevant product suggestions,908558
2023/06/04 11:12:15 PM GMT+5:30,25,Female,Few times a month,Groceries and Gourmet Food;Beauty and Personal Care;Clothing and Fashion;others,Sometimes,Few times a month,nan,Multiple pages,4,Yes,Always,High shipping costs,Always,No,Heavily,No,2,Sometimes,4,4,Customer service ,I don't have any problem with Amazon,567054
2023/06/04 10:24:47 PM GMT+5:30,53,Prefer not to say,Few times a month,Groceries and Gourmet Food;Beauty and Personal Care;Home and Kitchen,Sometimes,Few times a week,Filter,First page,3,No,Often,High shipping costs,Sometimes,Yes,Moderately,No,1,No,4,4,Product recommendations,better app interface and lower shipping charges,857373
2023/06/07 1:00:09 PM GMT+5:30,61,Prefer not to say,Once a week,Groceries and Gourmet Food;Clothing and Fashion;others,Yes,Few times a week,others,Multiple pages,4,Maybe,Rarely,Changed my mind or no longer need the item,Rarely,Yes,Never,Sometimes,2,Sometimes,3,1,Product recommendations,No problems with Amazon,398412
2023/06/05 4:49:43 PM GMT+5:30,50,Others,Once a month,Clothing and Fashion,Sometimes,Rarely,categories,Multiple pages,1,Maybe,Sometimes,Changed my mind or no longer need the item,Rarely,Yes,Occasionally,Yes,1,No,1,5,.,Irrelevant product suggestions,953767
2023/06/05 8:46:09 PM GMT+5:30,64,Female,Once a month,Groceries and Gourmet Food;Clothing and Fashion;Home and Kitchen;others,No,Few times a month,Keyword,First page,5,Maybe,Often,Changed my mind or no longer need the item,Rarely,No,Moderately,Sometimes,2,Yes,4,4,.,I have no problem with Amazon yet. But others tell me about the refund issues ,569355
2023/06/06 11:20:53 AM GMT+5:30,57,Male,Multiple times a week,Groceries and Gourmet Food;Beauty and Personal Care;Home and Kitchen,Sometimes,Few times a month,nan,Multiple pages,1,Maybe,Always,others,Always,Yes,Occasionally,Sometimes,3,No,1,2,Quick delivery,I have no problem with Amazon yet. But others tell me about the refund issues ,952673
2023/06/16 9:16:05 AM GMT+5:30,48,Prefer not to say,Once a month,Beauty and Personal Care;others,No,Multiple times a day,Filter,Multiple pages,4,Yes,Often,High shipping costs,Sometimes,Yes,Occasionally,Yes,1,No,2,5,Competitive prices,UI,803853
2023/06/08 6:01:31 PM GMT+5:30,62,Others,Few times a month,Home and Kitchen;others,Yes,Few times a month,Filter,First page,4,No,Rarely,High shipping costs,Rarely,Yes,Rarely,Sometimes,5,No,2,5,Wide product selection,Quality of product is very poor according to the big offers,499346
2023/06/06 7:16:28 PM GMT+5:30,7,Prefer not to say,Few times a month,Beauty and Personal Care,Sometimes,Rarely,Filter,First page,2,Yes,Sometimes,Changed my mind or no longer need the item,Always,Yes,Occasionally,No,2,Yes,4,4,Quick delivery,No problems with Amazon,702248
2023/06/06 7:19:43 PM GMT+5:30,41,Male,Multiple times a week,Groceries and Gourmet Food;Beauty and Personal Care;Home and Kitchen,Yes,Few times a week,nan,Multiple pages,3,No,Always,High shipping costs,Sometimes,Yes,Moderately,Yes,5,Sometimes,5,1,Customer service,Quality of product is very poor according to the big offers,309836
2023/06/09 4:28:58 PM GMT+5:30,60,Others,Multiple times a week,Groceries and Gourmet Food,No,Few times a month,others,Multiple pages,1,No,Sometimes,Changed my mind or no longer need the item,Always,No,Heavily,Sometimes,4,Sometimes,4,3,All the above,User interface ,262702
2023/06/08 5:20:57 PM GMT+5:30,40,Male,Once a month,Groceries and Gourmet Food;Beauty and Personal Care;Clothing and Fashion,Sometimes,Few times a week,Filter,Multiple pages,2,No,Sometimes,High shipping costs,Rarely,No,Moderately,Yes,2,No,2,2,Wide product selection,Reducing packaging waste,818365
2023/06/07 11:47:07 AM GMT+5:30,34,Female,Less than once a month,Clothing and Fashion,Sometimes,Rarely,others,Multiple pages,4,No,Rarely,Found a better price elsewhere,Never,Yes,Occasionally,No,2,Yes,3,1,.,better app interface and lower shipping charges,378786
2023/06/07 11:54:03 AM GMT+5:30,13,Male,Multiple times a week,Groceries and Gourmet Food;Clothing and Fashion,Sometimes,Rarely,others,First page,2,Maybe,Sometimes,Changed my mind or no longer need the item,Always,No,Heavily,Yes,4,Yes,5,4,Customer service,I have no problem with Amazon yet. But others tell me about the refund issues ,756556
2023/06/07 11:06:40 PM GMT+5:30,25,Prefer not to say,Few times a month,Groceries and Gourmet Food;Beauty and Personal Care;Home and Kitchen,No,Multiple times a day,others,First page,5,Maybe,Always,High shipping costs,Sometimes,No,Never,No,5,Yes,1,5,All the above,I have no problem with Amazon yet. But others tell me about the refund issues ,544921
2023/06/06 7:40:11 PM GMT+5:30,30,Female,Few times a month,Beauty and Personal Care;Clothing and Fashion;others,No,Few times a week,categories,First page,2,Maybe,Often,Changed my mind or no longer need the item,Rarely,Yes,Occasionally,Yes,2,Sometimes,5,2,Customer service ,I don't have any problem with Amazon,427057
2023/06/09 2:35:29 PM GMT+5:30,57,Prefer not to say,Few times a month,Clothing and Fashion;Home and Kitchen;others,Yes,Rarely,Keyword,First page,3,Yes,Rarely,Found a better price elsewhere,Rarely,Yes,Moderately,Yes,5,No,5,3,Wide product selection,Customer service responsiveness,434187
2023/06/06 10:19:05 AM GMT+5:30,31,Others,Few times a month,Clothing and Fashion;others,Yes,Multiple times a day,categories,First page,4,Yes,Sometimes,Found a better price elsewhere,Always,Yes,Occasionally,No,1,No,5,5,Customer service ,Add more familiar brands to the list,327300
2023/06/12 3:57:52 PM GMT+5:30,14,Male,Once a week,Groceries and Gourmet Food;Beauty and Personal Care;Home and Kitchen,Sometimes,Few times a month,nan,First page,4,Yes,Sometimes,Found a better price elsewhere,Often,Yes,Heavily,Yes,2,Yes,4,2,Customer service ,User interface ,776260
2023/06/06 6:38:03 PM GMT+5:30,28,Female,Once a month,Beauty and Personal Care;Clothing and Fashion;others,Sometimes,Few times a month,nan,First page,1,Yes,Often,High shipping costs,Never,Yes,Never,No,4,No,5,4,All the above,User interface of app,503719
2023/06/07 2:19:05 PM GMT+5:30,38,Female,Less than once a month,Beauty and Personal Care;Clothing and Fashion;others,Yes,Few times a week,nan,Multiple pages,3,Maybe,Often,Found a better price elsewhere,Never,Yes,Never,Yes,4,No,2,1,Competitive prices,Reducing packaging waste,947343
2023/06/09 2:22:25 PM GMT+5:30,66,Female,Less than once a month,Home and Kitchen,Yes,Rarely,Filter,Multiple pages,3,No,Rarely,Found a better price elsewhere,Always,Yes,Never,No,4,Yes,1,2,Wide product selection,Nothing,332074
2023/06/08 3:26:03 AM GMT+5:30,29,Male,Less than once a month,Beauty and Personal Care;Clothing and Fashion,Sometimes,Few times a week,nan,First page,2,No,Often,High shipping costs,Sometimes,No,Never,No,5,Yes,4,4,Customer service ,Nil,215506
2023/06/09 10:25:27 AM GMT+5:30,48,Female,Few times a month,Groceries and Gourmet Food;Clothing and Fashion,Sometimes,Few times a week,categories,Multiple pages,4,Maybe,Always,Changed my mind or no longer need the item,Always,No,Rarely,No,1,No,2,3,User-friendly website/app interface,Nothing,875259
2023/06/08 3:30:05 AM GMT+5:30,54,Prefer not to say,Less than once a month,Groceries and Gourmet Food;Clothing and Fashion;Home and Kitchen,Yes,Rarely,categories,First page,5,Maybe,Sometimes,others,Often,No,Moderately,Sometimes,2,Sometimes,5,5,Customer service,Reducing packaging waste,241402
2023/06/05 4:50:44 PM GMT+5:30,10,Others,Once a month,Clothing and Fashion;Home and Kitchen,No,Few times a month,categories,Multiple pages,2,Maybe,Never,Found a better price elsewhere,Sometimes,No,Heavily,Sometimes,4,No,4,3,User-friendly website/app interface,I don't have any problem with Amazon,167102
2023/06/08 5:29:01 PM GMT+5:30,59,Prefer not to say,Once a week,Groceries and Gourmet Food;Clothing and Fashion;Home and Kitchen,Sometimes,Multiple times a day,nan,Multiple pages,2,No,Rarely,High shipping costs,Often,No,Rarely,No,5,No,5,4,Quick delivery,Reducing packaging waste,781900
2023/06/07 11:54:03 AM GMT+5:30,4,Male,Less than once a month,Groceries and Gourmet Food;Beauty and Personal Care;Clothing and Fashion;Home and Kitchen;others,No,Few times a week,nan,First page,5,Maybe,Often,others,Often,Yes,Never,Yes,4,Sometimes,5,3,Customer service ,Nil,604190
2023/06/05 8:43:26 AM GMT+5:30,21,Others,Once a month,Clothing and Fashion,Sometimes,Few times a month,Filter,Multiple pages,3,No,Often,High shipping costs,Always,Yes,Occasionally,Sometimes,5,No,2,4,User-friendly website/app interface,User interface of app,511996
2023/06/09 2:41:53 PM GMT+5:30,65,Male,Once a week,Groceries and Gourmet Food;Beauty and Personal Care;others,No,Few times a week,Keyword,Multiple pages,4,No,Often,High shipping costs,Sometimes,Yes,Moderately,No,4,Yes,2,1,User-friendly website/app interface,Customer service responsiveness,527162
2023/06/08 3:23:21 AM GMT+5:30,39,Male,Once a month,Clothing and Fashion;Home and Kitchen;others,Sometimes,Rarely,nan,First page,2,No,Sometimes,High shipping costs,Never,Yes,Heavily,No,5,Yes,5,1,.,Nothing,695398
2023/06/11 10:59:30 PM GMT+5:30,16,Male,Multiple times a week,Clothing and Fashion,No,Multiple times a day,others,First page,1,Yes,Rarely,Changed my mind or no longer need the item,Sometimes,Yes,Moderately,Yes,3,Yes,3,5,Quick delivery,Quality of product is very poor according to the big offers,122392
2023/06/11 10:56:58 PM GMT+5:30,23,Prefer not to say,Once a month,others,No,Few times a month,Keyword,First page,2,No,Sometimes,others,Often,Yes,Occasionally,Yes,5,Sometimes,2,3,Wide product selection,Quality of product is very poor according to the big offers,550114
2023/06/08 8:59:45 AM GMT+5:30,17,Prefer not to say,Less than once a month,Groceries and Gourmet Food;Beauty and Personal Care;Clothing and Fashion;Home and Kitchen,Yes,Few times a week,Keyword,First page,4,Yes,Rarely,others,Always,Yes,Occasionally,Sometimes,3,No,2,4,User-friendly website/app interface,User interface of app,713358
2023/06/05 11:54:52 AM GMT+5:30,11,Prefer not to say,Once a week,Beauty and Personal Care;Home and Kitchen;others,Sometimes,Few times a week,Filter,First page,5,Yes,Never,High shipping costs,Often,Yes,Moderately,No,1,Yes,4,3,User-friendly website/app interface,User interface of app,363138
2023/06/12 3:51:31 PM GMT+5:30,25,Others,Multiple times a week,others,Sometimes,Multiple times a day,Filter,First page,2,Yes,Never,Found a better price elsewhere,Rarely,Yes,Moderately,Sometimes,1,No,5,2,Customer service ,No problems with Amazon,444636
2023/06/06 6:45:33 PM GMT+5:30,22,Others,Once a month,Groceries and Gourmet Food;Clothing and Fashion,Yes,Few times a month,others,Multiple pages,2,Maybe,Never,High shipping costs,Always,Yes,Moderately,No,3,Yes,5,4,Competitive prices,better app interface and lower shipping charges,521560
2023/06/09 9:38:31 AM GMT+5:30,12,Prefer not to say,Once a month,Beauty and Personal Care;Clothing and Fashion,Sometimes,Few times a week,nan,Multiple pages,1,No,Sometimes,others,Never,Yes,Rarely,Yes,2,Yes,5,5,User-friendly website/app interface,Nothing,405201
2023/06/06 6:48:26 PM GMT+5:30,49,Female,Multiple times a week,Beauty and Personal Care;Clothing and Fashion,Sometimes,Few times a month,Filter,First page,1,No,Never,High shipping costs,Often,Yes,Heavily,No,3,Yes,4,4,User-friendly website/app interface,Reducing packaging waste,660945
2023/06/04 11:12:15 PM GMT+5:30,8,Prefer not to say,Multiple times a week,Groceries and Gourmet Food;Home and Kitchen,No,Few times a week,nan,Multiple pages,5,Yes,Always,Changed my mind or no longer need the item,Always,Yes,Heavily,Yes,1,Yes,3,1,Product recommendations,Reducing packaging waste,557955
2023/06/07 9:23:39 PM GMT+5:30,50,Others,Multiple times a week,others,No,Multiple times a day,others,First page,2,Maybe,Sometimes,Changed my mind or no longer need the item,Sometimes,No,Heavily,No,4,No,2,2,Customer service,Reducing packaging waste,746295
2023/06/11 11:26:21 PM GMT+5:30,15,Female,Less than once a month,Groceries and Gourmet Food;Beauty and Personal Care;others,Yes,Few times a week,nan,Multiple pages,1,Maybe,Never,Found a better price elsewhere,Never,No,Never,Yes,2,Sometimes,2,4,Product recommendations,better app interface and lower shipping charges,948903
2023/06/07 10:16:22 PM GMT+5:30,12,Others,Once a month,Groceries and Gourmet Food;Home and Kitchen;others,No,Rarely,others,First page,1,No,Always,Found a better price elsewhere,Always,Yes,Heavily,No,4,Yes,2,1,Competitive prices,User interface of app,905782
2023/06/12 2:48:55 PM GMT+5:30,22,Male,Once a week,Clothing and Fashion;others,No,Few times a week,others,First page,5,No,Sometimes,Found a better price elsewhere,Rarely,No,Never,Sometimes,1,Sometimes,5,2,Product recommendations,User interface ,383488
2023/06/09 10:58:13 AM GMT+5:30,42,Male,Multiple times a week,Groceries and Gourmet Food;Clothing and Fashion;Home and Kitchen;others,Sometimes,Few times a month,Keyword,Multiple pages,5,Maybe,Rarely,others,Often,Yes,Moderately,No,3,Yes,3,2,Wide product selection,User interface of app,908917
2023/06/08 5:52:26 PM GMT+5:30,10,Prefer not to say,Multiple times a week,Clothing and Fashion;others,Sometimes,Multiple times a day,Keyword,First page,5,No,Sometimes,Changed my mind or no longer need the item,Always,Yes,Never,Yes,2,Yes,1,3,All the above,Product quality and accuracy,107251
2023/06/06 7:46:27 PM GMT+5:30,42,Female,Less than once a month,Groceries and Gourmet Food;Beauty and Personal Care;Home and Kitchen,Sometimes,Few times a month,Keyword,Multiple pages,2,Yes,Often,Found a better price elsewhere,Always,Yes,Rarely,Sometimes,1,Yes,5,1,Product recommendations,Irrelevant product suggestions,521814
2023/06/09 3:00:03 PM GMT+5:30,30,Prefer not to say,Once a month,Groceries and Gourmet Food;Beauty and Personal Care;Home and Kitchen,Yes,Few times a week,categories,First page,1,Yes,Sometimes,others,Often,Yes,Never,No,3,Sometimes,4,1,All the above,Irrelevant product suggestions,831527
2023/06/08 9:40:50 PM GMT+5:30,61,Male,Less than once a month,Clothing and Fashion;Home and Kitchen,Sometimes,Rarely,Filter,Multiple pages,1,Maybe,Rarely,Found a better price elsewhere,Often,Yes,Rarely,Sometimes,1,No,5,2,.,Reducing packaging waste,922378
2023/06/09 9:38:31 AM GMT+5:30,12,Male,Multiple times a week,Groceries and Gourmet Food;Beauty and Personal Care;Clothing and Fashion;Home and Kitchen,Sometimes,Multiple times a day,others,First page,2,Yes,Often,High shipping costs,Always,Yes,Rarely,Sometimes,5,Sometimes,1,3,.,UI,261812
2023/06/08 5:28:09 PM GMT+5:30,59,Others,Few times a month,Groceries and Gourmet Food;Home and Kitchen,Sometimes,Multiple times a day,nan,First page,1,No,Never,High shipping costs,Often,Yes,Never,Yes,2,Yes,4,2,Product recommendations,I don't have any problem with Amazon,409276
2023/06/06 6:45:33 PM GMT+5:30,35,Prefer not to say,Once a week,Clothing and Fashion,No,Multiple times a day,others,Multiple pages,2,No,Sometimes,Found a better price elsewhere,Always,No,Never,Sometimes,4,Sometimes,3,3,All the above,Shipping speed and reliability,726075
2023/06/06 7:20:35 PM GMT+5:30,66,Prefer not to say,Once a week,Beauty and Personal Care;Clothing and Fashion,Sometimes,Rarely,nan,Multiple pages,1,Maybe,Sometimes,Changed my mind or no longer need the item,Often,No,Rarely,No,4,Yes,4,5,.,Nil,105088
2023/06/07 1:40:37 PM GMT+5:30,32,Female,Less than once a month,Groceries and Gourmet Food;Beauty and Personal Care;Clothing and Fashion;Home and Kitchen;others,Yes,Few times a month,nan,Multiple pages,2,Yes,Never,Found a better price elsewhere,Rarely,Yes,Occasionally,Sometimes,1,Sometimes,5,4,Customer service,Shipping speed and reliability,351780
2023/06/09 2:22:25 PM GMT+5:30,13,Male,Once a month,Groceries and Gourmet Food;Home and Kitchen,No,Rarely,categories,First page,2,Yes,Never,Found a better price elsewhere,Never,No,Occasionally,Sometimes,2,No,4,5,Customer service,User interface ,219431
2023/06/07 2:22:14 PM GMT+5:30,14,Prefer not to say,Once a month,Groceries and Gourmet Food;Beauty and Personal Care;Home and Kitchen,No,Few times a month,Filter,First page,5,Yes,Sometimes,others,Rarely,No,Never,Sometimes,1,Yes,1,1,All the above,Reducing packaging waste,413715
2023/06/09 9:37:15 AM GMT+5:30,54,Female,Multiple times a week,Groceries and Gourmet Food;Beauty and Personal Care,No,Rarely,nan,First page,4,No,Never,others,Never,No,Occasionally,No,5,No,4,5,Customer service,No problems with Amazon,362422
2023/06/05 10:04:32 PM GMT+5:30,53,Female,Few times a month,Clothing and Fashion;Home and Kitchen;others,Yes,Multiple times a day,categories,First page,3,No,Never,others,Often,No,Occasionally,Yes,3,Sometimes,2,4,User-friendly website/app interface,User interface of app,373197
2023/06/04 8:48:59 PM GMT+5:30,6,Male,Multiple times a week,Beauty and Personal Care;Clothing and Fashion;Home and Kitchen,Yes,Few times a month,categories,Multiple pages,3,Yes,Sometimes,High shipping costs,Rarely,Yes,Moderately,Sometimes,5,No,2,3,Competitive prices,Customer service responsiveness,478310
2023/06/09 7:26:02 PM GMT+5:30,44,Female,Multiple times a week,Groceries and Gourmet Food;Home and Kitchen;others,No,Few times a month,Filter,Multiple pages,3,No,Sometimes,Changed my mind or no longer need the item,Often,Yes,Never,Sometimes,4,Yes,1,2,Wide product selection,Irrelevant product suggestions,957166
2023/06/11 11:16:58 PM GMT+5:30,11,Others,Multiple times a week,Groceries and Gourmet Food;Beauty and Personal Care;Clothing and Fashion;others,Yes,Rarely,nan,Multiple pages,4,No,Always,Changed my mind or no longer need the item,Sometimes,No,Heavily,Sometimes,5,Sometimes,4,4,Customer service,Nothing,602430
2023/06/06 10:17:06 AM GMT+5:30,40,Female,Once a month,Beauty and Personal Care;Clothing and Fashion;Home and Kitchen,Sometimes,Multiple times a day,nan,First page,5,Maybe,Often,Found a better price elsewhere,Never,Yes,Moderately,Sometimes,3,Sometimes,4,1,Product recommendations,Irrelevant product suggestions,638004
2023/06/07 10:10:58 PM GMT+5:30,66,Others,Once a month,Clothing and Fashion;Home and Kitchen,Sometimes,Few times a week,nan,First page,3,No,Sometimes,Changed my mind or no longer need the item,Often,Yes,Never,Sometimes,3,Sometimes,2,1,Customer service ,Reducing packaging waste,446405
2023/06/09 3:09:41 PM GMT+5:30,20,Male,Once a month,others,Sometimes,Multiple times a day,others,First page,5,No,Often,High shipping costs,Rarely,No,Occasionally,Yes,2,Sometimes,3,5,Wide product selection,I have no problem with Amazon yet. But others tell me about the refund issues ,842051
2023/06/04 8:01:45 PM GMT+5:30,32,Male,Less than once a month,Groceries and Gourmet Food;Beauty and Personal Care;Clothing and Fashion;others,Yes,Rarely,categories,First page,2,Yes,Rarely,Found a better price elsewhere,Always,No,Occasionally,No,2,No,3,2,Competitive prices,Customer service responsiveness,519168
2023/06/06 11:28:31 PM GMT+5:30,47,Others,Once a month,Beauty and Personal Care;Clothing and Fashion;Home and Kitchen;others,No,Rarely,Filter,First page,4,No,Never,Changed my mind or no longer need the item,Never,Yes,Never,No,2,No,1,4,Competitive prices,UI,346409
2023/06/09 7:26:02 PM GMT+5:30,5,Male,Once a month,Groceries and Gourmet Food;Clothing and Fashion;others,Sometimes,Multiple times a day,categories,Multiple pages,1,Yes,Always,Changed my mind or no longer need the item,Never,Yes,Rarely,Yes,2,Yes,4,5,All the above,No problems with Amazon,329624
2023/06/08 5:13:33 PM GMT+5:30,39,Others,Once a week,Beauty and Personal Care;Home and Kitchen,Sometimes,Multiple times a day,categories,First page,5,Yes,Sometimes,Changed my mind or no longer need the item,Never,No,Occasionally,No,5,No,5,4,User-friendly website/app interface,.,174562
2023/06/08 10:21:20 PM GMT+5:30,50,Others,Few times a month,Groceries and Gourmet Food,No,Rarely,others,First page,4,Maybe,Never,Changed my mind or no longer need the item,Always,Yes,Moderately,Sometimes,5,No,5,3,Customer service ,I don't have any problem with Amazon,198980
2023/06/07 11:41:56 AM GMT+5:30,35,Others,Few times a month,Groceries and Gourmet Food;Clothing and Fashion;others,Yes,Few times a month,categories,Multiple pages,1,Maybe,Never,Found a better price elsewhere,Rarely,No,Never,No,4,Sometimes,3,3,Wide product selection,Shipping speed and reliability,216370
2023/06/09 2:39:47 PM GMT+5:30,55,Prefer not to say,Few times a month,Groceries and Gourmet Food;Home and Kitchen;others,Yes,Few times a month,categories,First page,4,Yes,Always,Found a better price elsewhere,Always,No,Occasionally,Yes,3,No,2,3,User-friendly website/app interface,better app interface and lower shipping charges,802886
2023/06/08 3:26:38 AM GMT+5:30,28,Others,Less than once a month,Beauty and Personal Care;Clothing and Fashion;Home and Kitchen,Sometimes,Few times a month,Keyword,Multiple pages,5,Maybe,Sometimes,Changed my mind or no longer need the item,Sometimes,No,Never,Sometimes,5,Yes,3,1,All the above,UI,796092
2023/06/09 2:43:37 PM GMT+5:30,52,Others,Less than once a month,Groceries and Gourmet Food;Clothing and Fashion;others,No,Few times a week,nan,Multiple pages,1,Yes,Always,Found a better price elsewhere,Always,Yes,Moderately,Yes,4,Yes,4,4,Product recommendations,Irrelevant product suggestions,141715
2023/06/06 6:39:26 PM GMT+5:30,23,Prefer not to say,Multiple times a week,Groceries and Gourmet Food;Beauty and Personal Care;Home and Kitchen,Sometimes,Multiple times a day,others,First page,2,Yes,Never,Changed my mind or no longer need the item,Often,No,Rarely,Yes,2,No,5,3,All the above,User interface of app,807869
2023/06/06 7:39:44 PM GMT+5:30,63,Prefer not to say,Less than once a month,Groceries and Gourmet Food;Beauty and Personal Care;Home and Kitchen,Yes,Few times a week,Keyword,First page,1,Yes,Rarely,Found a better price elsewhere,Always,No,Occasionally,No,2,Yes,4,3,Quick delivery,.,169125
2023/06/05 10:06:46 PM GMT+5:30,37,Male,Multiple times a week,Groceries and Gourmet Food;Clothing and Fashion;Home and Kitchen,Sometimes,Few times a week,others,First page,2,Maybe,Never,Found a better price elsewhere,Often,No,Heavily,No,3,No,3,5,.,Add more familiar brands to the list,649852
2023/06/09 2:23:03 PM GMT+5:30,6,Female,Once a month,Groceries and Gourmet Food;Clothing and Fashion,Sometimes,Few times a month,others,Multiple pages,3,Yes,Rarely,others,Rarely,No,Occasionally,Yes,3,No,1,5,.,Customer service responsiveness,933088
2023/06/06 6:40:27 PM GMT+5:30,33,Male,Multiple times a week,Groceries and Gourmet Food;Clothing and Fashion;Home and Kitchen;others,Yes,Rarely,others,Multiple pages,2,No,Never,High shipping costs,Rarely,No,Heavily,Sometimes,1,Sometimes,4,1,Quick delivery,Nil,480143
2023/06/06 4:46:25 PM GMT+5:30,54,Female,Few times a month,Clothing and Fashion,No,Multiple times a day,Keyword,Multiple pages,4,Maybe,Always,Found a better price elsewhere,Never,No,Rarely,Yes,2,Sometimes,3,1,Quick delivery,.,924343
2023/06/11 10:52:47 PM GMT+5:30,48,Male,Multiple times a week,Beauty and Personal Care;Clothing and Fashion,No,Rarely,categories,Multiple pages,2,Yes,Never,High shipping costs,Rarely,No,Heavily,Yes,3,Sometimes,1,5,Customer service ,Reducing packaging waste,721564
2023/06/12 3:38:48 PM GMT+5:30,15,Prefer not to say,Once a month,others,Yes,Rarely,nan,Multiple pages,1,Yes,Often,others,Always,Yes,Moderately,No,1,Sometimes,5,5,Product recommendations,No problems with Amazon,906998
2023/06/10 2:41:51 PM GMT+5:30,33,Others,Once a month,Beauty and Personal Care;Home and Kitchen,Sometimes,Few times a week,nan,First page,1,Maybe,Sometimes,Found a better price elsewhere,Sometimes,Yes,Occasionally,Yes,2,Sometimes,5,5,Product recommendations,.,361387
2023/06/06 10:03:52 AM GMT+5:30,44,Female,Multiple times a week,Groceries and Gourmet Food;Home and Kitchen,Sometimes,Few times a week,Filter,First page,2,Maybe,Never,others,Sometimes,Yes,Moderately,No,3,Yes,4,2,All the above,Nil,148420
2023/06/09 3:25:33 PM GMT+5:30,27,Prefer not to say,Once a week,Clothing and Fashion;Home and Kitchen,No,Few times a week,others,First page,3,No,Always,others,Always,Yes,Moderately,No,3,Yes,4,1,Quick delivery,Add more familiar brands to the list,792471
2023/06/04 6:31:41 PM GMT+5:30,29,Others,Once a month,Beauty and Personal Care;others,No,Rarely,nan,Multiple pages,3,No,Rarely,High shipping costs,Sometimes,No,Rarely,Yes,2,No,4,5,Product recommendations,User interface of app,598196
2023/06/06 6:40:27 PM GMT+5:30,63,Male,Once a week,Clothing and Fashion;Home and Kitchen;others,No,Multiple times a day,categories,Multiple pages,1,Maybe,Sometimes,others,Never,No,Heavily,No,4,Sometimes,4,5,Competitive prices,Reducing packaging waste,521314
2023/06/09 7:24:57 PM GMT+5:30,63,Others,Once a month,Beauty and Personal Care;others,Sometimes,Few times a week,Keyword,Multiple pages,1,No,Rarely,High shipping costs,Often,Yes,Heavily,Sometimes,4,No,2,5,Customer service,better app interface and lower shipping charges,775645
2023/06/11 11:15:03 PM GMT+5:30,47,Prefer not to say,Once a week,Clothing and Fashion;others,Yes,Few times a month,Filter,First page,1,No,Rarely,others,Rarely,No,Heavily,Yes,3,Sometimes,1,4,Product recommendations,I don't have any problem with Amazon,762559
2023/06/05 8:49:12 PM GMT+5:30,29,Others,Less than once a month,Groceries and Gourmet Food;Beauty and Personal Care;Clothing and Fashion;others,No,Few times a week,Filter,Multiple pages,4,Maybe,Often,High shipping costs,Often,Yes,Rarely,Yes,1,No,5,2,User-friendly website/app interface,Add more familiar brands to the list,100424
2023/06/04 1:28:19 PM GMT+5:30,32,Prefer not to say,Multiple times a week,Beauty and Personal Care;Clothing and Fashion;Home and Kitchen;others,Sometimes,Few times a month,Filter,Multiple pages,1,Yes,Never,High shipping costs,Often,No,Rarely,Yes,2,No,5,3,Product recommendations,User interface of app,329157
2023/06/06 6:37:26 PM GMT+5:30,61,Female,Multiple times a week,Groceries and Gourmet Food;Home and Kitchen;others,No,Multiple times a day,Filter,Multiple pages,3,No,Rarely,others,Never,No,Never,Sometimes,5,No,5,5,Customer service ,better app interface and lower shipping charges,115625
2023/06/07 11:05:19 PM GMT+5:30,37,Male,Less than once a month,Groceries and Gourmet Food;Beauty and Personal Care;others,Yes,Rarely,Keyword,Multiple pages,1,Yes,Often,others,Rarely,No,Occasionally,No,2,Sometimes,2,2,Wide product selection,.,433954
2023/06/07 2:40:30 PM GMT+5:30,63,Prefer not to say,Once a month,Groceries and Gourmet Food;Home and Kitchen,Yes,Rarely,others,Multiple pages,4,Yes,Always,Changed my mind or no longer need the item,Often,Yes,Never,No,3,Sometimes,3,3,Quick delivery,Quality of product is very poor according to the big offers,750803
2023/06/04 2:30:44 PM GMT+5:30,52,Female,Once a week,Beauty and Personal Care;Home and Kitchen;others,No,Few times a week,categories,First page,4,Yes,Sometimes,Found a better price elsewhere,Sometimes,No,Moderately,No,4,Sometimes,5,4,Wide product selection,Customer service responsiveness,973795
2023/06/11 11:25:09 PM GMT+5:30,35,Female,Once a week,Clothing and Fashion;Home and Kitchen;others,Yes,Few times a week,categories,First page,4,Maybe,Often,others,Sometimes,Yes,Never,No,2,Sometimes,3,3,Product recommendations,I have no problem with Amazon yet. But others tell me about the refund issues ,465687
2023/06/06 6:40:27 PM GMT+5:30,6,Prefer not to say,Once a week,Groceries and Gourmet Food;Home and Kitchen,No,Few times a week,Filter,First page,3,No,Rarely,Found a better price elsewhere,Always,Yes,Heavily,Sometimes,3,No,3,2,Quick delivery,Reducing packaging waste,118730
2023/06/06 6:38:45 PM GMT+5:30,48,Female,Once a month,Groceries and Gourmet Food;Beauty and Personal Care;Clothing and Fashion;others,Yes,Rarely,Keyword,First page,1,Yes,Sometimes,High shipping costs,Sometimes,No,Occasionally,Sometimes,1,Yes,2,3,Wide product selection,Product quality and accuracy,309018
2023/06/08 10:40:33 PM GMT+5:30,6,Prefer not to say,Once a week,Beauty and Personal Care;Clothing and Fashion;Home and Kitchen;others,Yes,Rarely,others,First page,1,Maybe,Rarely,Found a better price elsewhere,Never,No,Heavily,Sometimes,4,Sometimes,4,4,All the above,Irrelevant product suggestions,803317
2023/06/05 8:47:42 PM GMT+5:30,39,Others,Few times a month,Beauty and Personal Care;Home and Kitchen,Yes,Few times a week,nan,Multiple pages,3,Maybe,Always,Found a better price elsewhere,Never,No,Moderately,No,3,Sometimes,3,3,All the above,Reducing packaging waste,597837
2023/06/05 8:50:24 PM GMT+5:30,61,Female,Multiple times a week,Groceries and Gourmet Food;Clothing and Fashion;others,Yes,Multiple times a day,categories,Multiple pages,2,Yes,Rarely,High shipping costs,Often,Yes,Rarely,Sometimes,3,Yes,3,4,User-friendly website/app interface,Irrelevant product suggestions,153307
2023/06/05 10:07:33 PM GMT+5:30,7,Prefer not to say,Multiple times a week,Beauty and Personal Care;Clothing and Fashion;Home and Kitchen;others,Yes,Rarely,Filter,Multiple pages,3,Yes,Rarely,Changed my mind or no longer need the item,Sometimes,Yes,Heavily,No,3,No,2,5,Product recommendations,Add more familiar brands to the list,328176
2023/06/12 2:49:47 PM GMT+5:30,3,Others,Multiple times a week,others,Sometimes,Multiple times a day,Filter,Multiple pages,4,Yes,Never,Found a better price elsewhere,Never,Yes,Moderately,No,3,No,4,2,Competitive prices,Product quality and accuracy,336476
2023/06/07 10:58:27 AM GMT+5:30,57,Others,Once a month,Clothing and Fashion,No,Multiple times a day,others,Multiple pages,4,Yes,Never,others,Always,Yes,Rarely,Sometimes,5,Yes,3,4,Customer service ,No problems with Amazon,887791
2023/06/09 3:17:31 PM GMT+5:30,17,Prefer not to say,Once a week,Groceries and Gourmet Food;Clothing and Fashion;others,No,Few times a month,categories,Multiple pages,4,Maybe,Often,Changed my mind or no longer need the item,Always,No,Rarely,Sometimes,4,Yes,1,3,.,better app interface and lower shipping charges,893837
2023/06/11 11:16:58 PM GMT+5:30,38,Others,Once a month,Groceries and Gourmet Food;Clothing and Fashion;Home and Kitchen;others,No,Rarely,categories,Multiple pages,3,No,Often,Changed my mind or no longer need the item,Rarely,Yes,Never,No,1,Sometimes,4,1,Competitive prices,User interface ,141617
2023/06/09 2:40:21 PM GMT+5:30,53,Male,Once a month,Beauty and Personal Care;Clothing and Fashion,Sometimes,Few times a week,Filter,First page,3,Maybe,Never,others,Never,Yes,Moderately,Sometimes,5,Yes,5,4,Customer service ,Customer service responsiveness,394815
2023/06/05 9:20:17 AM GMT+5:30,67,Prefer not to say,Multiple times a week,Groceries and Gourmet Food;Beauty and Personal Care;others,Yes,Few times a week,nan,Multiple pages,4,No,Often,Found a better price elsewhere,Always,Yes,Occasionally,No,4,Yes,2,2,User-friendly website/app interface,Nothing,529209
2023/06/11 11:24:21 PM GMT+5:30,7,Female,Once a month,Beauty and Personal Care;Clothing and Fashion,No,Multiple times a day,categories,Multiple pages,3,No,Never,Found a better price elsewhere,Often,Yes,Occasionally,Sometimes,5,Sometimes,5,2,.,Customer service responsiveness,801283
2023/06/08 3:26:38 AM GMT+5:30,39,Female,Less than once a month,Beauty and Personal Care;Home and Kitchen,Yes,Few times a month,others,First page,3,Yes,Often,Changed my mind or no longer need the item,Sometimes,Yes,Occasionally,Yes,3,Sometimes,1,4,Product recommendations,Quality of product is very poor according to the big offers,728635
2023/06/07 12:50:13 PM GMT+5:30,35,Prefer not to say,Once a month,Groceries and Gourmet Food;Beauty and Personal Care;Clothing and Fashion;others,Yes,Few times a month,categories,First page,1,Yes,Rarely,High shipping costs,Never,No,Occasionally,Sometimes,3,Yes,3,4,Competitive prices,Quality of product is very poor according to the big offers,336630
2023/06/05 1:28:44 PM GMT+5:30,49,Prefer not to say,Once a month,Groceries and Gourmet Food;Beauty and Personal Care;Clothing and Fashion;others,Sometimes,Few times a month,Keyword,First page,4,Yes,Never,High shipping costs,Sometimes,No,Moderately,Yes,3,Sometimes,3,5,Quick delivery,better app interface and lower shipping charges,168890
2023/06/06 6:35:14 PM GMT+5:30,61,Male,Multiple times a week,Groceries and Gourmet Food;Clothing and Fashion,Yes,Rarely,Keyword,Multiple pages,1,No,Rarely,Found a better price elsewhere,Often,Yes,Rarely,Sometimes,5,No,5,3,.,Shipping speed and reliability,777413
2023/06/06 7:10:14 PM GMT+5:30,56,Female,Few times a month,Groceries and Gourmet Food,Sometimes,Rarely,nan,First page,4,Maybe,Rarely,Found a better price elsewhere,Always,No,Moderately,Yes,5,Yes,2,1,Competitive prices,Reducing packaging waste,849336
2023/06/11 9:15:38 PM GMT+5:30,24,Others,Once a week,Groceries and Gourmet Food;Clothing and Fashion;Home and Kitchen;others,Yes,Few times a week,Filter,Multiple pages,1,Yes,Never,Found a better price elsewhere,Never,No,Occasionally,Sometimes,1,Yes,5,1,All the above,Customer service responsiveness,438753
2023/06/09 3:23:38 PM GMT+5:30,66,Male,Less than once a month,others,No,Few times a month,others,Multiple pages,3,Maybe,Often,Changed my mind or no longer need the item,Sometimes,No,Rarely,Sometimes,2,No,2,2,Customer service ,Reducing packaging waste,759714
2023/06/07 4:10:33 PM GMT+5:30,29,Prefer not to say,Multiple times a week,Clothing and Fashion;Home and Kitchen;others,No,Few times a month,categories,Multiple pages,3,Maybe,Never,Found a better price elsewhere,Often,Yes,Occasionally,No,1,Yes,2,3,Wide product selection,Reducing packaging waste,696883
2023/06/08 6:39:59 PM GMT+5:30,38,Male,Less than once a month,Groceries and Gourmet Food;Beauty and Personal Care;Clothing and Fashion;Home and Kitchen;others,Yes,Rarely,Filter,Multiple pages,2,No,Sometimes,others,Always,No,Moderately,Yes,5,Yes,2,4,Customer service ,Nothing,125732
2023/06/06 8:01:47 PM GMT+5:30,57,Others,Once a week,Groceries and Gourmet Food;Beauty and Personal Care;Clothing and Fashion,Sometimes,Multiple times a day,nan,First page,4,Maybe,Sometimes,High shipping costs,Always,No,Rarely,No,3,No,5,1,Customer service ,Product quality and accuracy,772904
2023/06/12 3:53:28 PM GMT+5:30,44,Others,Few times a month,Groceries and Gourmet Food;Beauty and Personal Care;Clothing and Fashion;others,Sometimes,Rarely,others,First page,2,Maybe,Rarely,Changed my mind or no longer need the item,Often,No,Rarely,Yes,2,No,5,1,User-friendly website/app interface,Scrolling option would be much better than going to next page,512592
2023/06/05 2:10:33 PM GMT+5:30,5,Others,Few times a month,Clothing and Fashion;Home and Kitchen;others,Yes,Few times a week,Keyword,Multiple pages,3,Yes,Often,others,Rarely,No,Moderately,No,2,No,4,2,All the above,User interface ,120508
2023/06/06 6:35:14 PM GMT+5:30,48,Male,Multiple times a week,Groceries and Gourmet Food;Beauty and Personal Care;others,Yes,Rarely,categories,First page,3,No,Often,Found a better price elsewhere,Always,Yes,Moderately,No,1,No,2,4,User-friendly website/app interface,I don't have any problem with Amazon,927083
2023/06/10 2:41:51 PM GMT+5:30,59,Female,Once a month,Clothing and Fashion,Sometimes,Few times a week,others,First page,2,No,Rarely,others,Rarely,No,Occasionally,No,1,Yes,4,5,User-friendly website/app interface,I don't have any problem with Amazon,261149
2023/06/07 11:41:56 AM GMT+5:30,26,Male,Once a month,Groceries and Gourmet Food;Home and Kitchen;others,Yes,Rarely,Keyword,Multiple pages,2,No,Sometimes,Found a better price elsewhere,Always,Yes,Heavily,Sometimes,4,Sometimes,2,1,Product recommendations,Customer service responsiveness,905752
2023/06/08 5:31:03 PM GMT+5:30,37,Female,Less than once a month,Groceries and Gourmet Food;Beauty and Personal Care;Home and Kitchen,Sometimes,Few times a week,others,Multiple pages,3,Maybe,Sometimes,Changed my mind or no longer need the item,Never,No,Rarely,Yes,2,No,1,4,Customer service,.,833467
2023/06/09 3:19:53 PM GMT+5:30,42,Others,Once a month,Groceries and Gourmet Food,Yes,Few times a month,Filter,Multiple pages,2,Yes,Always,High shipping costs,Sometimes,Yes,Rarely,Yes,5,Sometimes,3,2,Customer service ,UI,198428
2023/06/12 3:52:33 PM GMT+5:30,25,Prefer not to say,Multiple times a week,Groceries and Gourmet Food;Beauty and Personal Care;Home and Kitchen,No,Rarely,Keyword,First page,3,Maybe,Sometimes,High shipping costs,Sometimes,No,Rarely,Sometimes,2,No,1,5,Customer service ,No problems with Amazon,243558
2023/06/08 5:59:25 PM GMT+5:30,66,Others,Once a week,Groceries and Gourmet Food;Home and Kitchen;others,Yes,Rarely,nan,First page,5,No,Sometimes,High shipping costs,Rarely,No,Heavily,Sometimes,4,Sometimes,1,1,Customer service,Nothing,963438
2023/06/05 1:54:28 PM GMT+5:30,36,Prefer not to say,Few times a month,others,No,Rarely,nan,First page,1,No,Always,Changed my mind or no longer need the item,Sometimes,Yes,Never,No,4,Yes,5,1,Quick delivery,Product quality and accuracy,358277
2023/06/07 2:33:56 PM GMT+5:30,48,Male,Once a month,Groceries and Gourmet Food;Beauty and Personal Care;Home and Kitchen,Yes,Multiple times a day,Filter,Multiple pages,5,No,Rarely,Found a better price elsewhere,Always,Yes,Occasionally,Yes,1,No,5,1,.,Product quality and accuracy,809168
2023/06/12 3:49:27 PM GMT+5:30,35,Others,Less than once a month,Beauty and Personal Care;others,Yes,Multiple times a day,Keyword,First page,1,No,Often,Found a better price elsewhere,Often,Yes,Heavily,No,2,Yes,5,3,Competitive prices,Nothing,284594
2023/06/05 4:50:33 PM GMT+5:30,58,Others,Multiple times a week,Beauty and Personal Care;Home and Kitchen;others,Sometimes,Rarely,categories,Multiple pages,2,No,Never,Changed my mind or no longer need the item,Rarely,Yes,Never,No,4,Yes,2,5,Product recommendations,Nil,364519
2023/06/06 8:56:17 PM GMT+5:30,6,Male,Few times a month,Beauty and Personal Care;Clothing and Fashion,Sometimes,Multiple times a day,Filter,First page,3,Maybe,Never,Changed my mind or no longer need the item,Always,No,Rarely,Sometimes,3,Yes,3,4,Wide product selection,Product quality and accuracy,443926
2023/06/09 10:26:26 AM GMT+5:30,36,Others,Multiple times a week,Groceries and Gourmet Food;Home and Kitchen;others,Sometimes,Few times a month,Filter,Multiple pages,5,Yes,Often,Changed my mind or no longer need the item,Rarely,No,Moderately,Sometimes,4,No,4,2,.,better app interface and lower shipping charges,849977
2023/06/08 9:39:55 PM GMT+5:30,54,Others,Less than once a month,Beauty and Personal Care;Home and Kitchen;others,Yes,Few times a week,Filter,First page,5,Yes,Rarely,others,Rarely,Yes,Rarely,Yes,4,Yes,3,1,.,better app interface and lower shipping charges,222886
2023/06/08 5:36:14 PM GMT+5:30,49,Others,Few times a month,Groceries and Gourmet Food;Clothing and Fashion;Home and Kitchen;others,No,Multiple times a day,Keyword,First page,5,Maybe,Never,others,Always,Yes,Heavily,Yes,4,Sometimes,2,1,Wide product selection,Product quality and accuracy,358292
2023/06/06 10:36:14 AM GMT+5:30,31,Female,Once a week,Beauty and Personal Care;Clothing and Fashion;others,Yes,Rarely,categories,Multiple pages,4,No,Never,Changed my mind or no longer need the item,Often,No,Rarely,No,5,No,5,5,User-friendly website/app interface,Scrolling option would be much better than going to next page,252532
2023/06/08 10:13:41 PM GMT+5:30,39,Others,Once a month,Clothing and Fashion,Sometimes,Few times a week,nan,Multiple pages,5,Maybe,Always,others,Often,No,Rarely,Yes,3,Yes,5,4,Wide product selection,I don't have any problem with Amazon,600290
2023/06/04 10:24:47 PM GMT+5:30,42,Prefer not to say,Once a month,Home and Kitchen,Sometimes,Rarely,nan,First page,4,Yes,Always,High shipping costs,Often,Yes,Never,Yes,4,No,4,1,.,User interface ,894822
2023/06/04 7:23:21 PM GMT+5:30,27,Others,Multiple times a week,Groceries and Gourmet Food;Beauty and Personal Care;Clothing and Fashion;Home and Kitchen;others,No,Multiple times a day,nan,Multiple pages,4,No,Rarely,Found a better price elsewhere,Always,No,Rarely,No,2,Sometimes,4,1,Quick delivery,Nothing,806081
2023/06/07 9:35:23 PM GMT+5:30,40,Female,Less than once a month,Home and Kitchen;others,Yes,Few times a month,others,First page,1,Maybe,Sometimes,others,Sometimes,Yes,Moderately,No,1,Sometimes,3,4,Customer service,Add more familiar brands to the list,718308
2023/06/07 1:40:37 PM GMT+5:30,57,Prefer not to say,Few times a month,Groceries and Gourmet Food;Beauty and Personal Care;Clothing and Fashion;Home and Kitchen;others,No,Few times a week,categories,First page,4,No,Often,High shipping costs,Rarely,Yes,Never,Sometimes,3,No,5,1,Product recommendations,Nothing,435005
2023/06/06 7:40:53 PM GMT+5:30,56,Others,Once a month,Clothing and Fashion;Home and Kitchen,No,Rarely,categories,Multiple pages,3,No,Always,Changed my mind or no longer need the item,Often,No,Heavily,Sometimes,3,Yes,5,3,All the above,User interface ,237996
2023/06/04 9:48:15 PM GMT+5:30,28,Female,Less than once a month,Clothing and Fashion;Home and Kitchen,Yes,Few times a week,nan,First page,5,Yes,Never,High shipping costs,Always,No,Moderately,Sometimes,2,Yes,4,4,Customer service,No problems with Amazon,568630
2023/06/12 4:03:59 PM GMT+5:30,49,Prefer not to say,Once a month,Clothing and Fashion,No,Multiple times a day,Keyword,First page,2,Yes,Rarely,Changed my mind or no longer need the item,Rarely,Yes,Never,No,1,Sometimes,5,2,Customer service,User interface of app,966285
2023/06/11 11:04:17 PM GMT+5:30,19,Male,Once a week,Beauty and Personal Care;Home and Kitchen,No,Few times a week,categories,First page,5,Maybe,Often,others,Rarely,No,Occasionally,No,4,Yes,3,4,Customer service ,Product quality and accuracy,252545
2023/06/10 2:41:51 PM GMT+5:30,46,Others,Less than once a month,Clothing and Fashion;Home and Kitchen,Yes,Few times a week,categories,First page,1,Yes,Always,High shipping costs,Never,Yes,Heavily,Sometimes,3,Sometimes,5,3,Customer service ,Product quality and accuracy,890268
2023/06/08 5:32:12 PM GMT+5:30,18,Male,Once a week,Groceries and Gourmet Food;Clothing and Fashion;Home and Kitchen,No,Multiple times a day,categories,Multiple pages,5,Yes,Sometimes,others,Always,No,Rarely,Sometimes,4,Yes,2,4,Product recommendations,User interface of app,648548
2023/06/06 7:08:47 PM GMT+5:30,34,Male,Less than once a month,Groceries and Gourmet Food;Home and Kitchen;others,Sometimes,Few times a month,categories,First page,3,Maybe,Never,Changed my mind or no longer need the item,Often,No,Heavily,No,4,Sometimes,4,2,Product recommendations,Reducing packaging waste,953594
2023/06/09 3:19:53 PM GMT+5:30,49,Male,Once a month,Groceries and Gourmet Food;Beauty and Personal Care;Home and Kitchen,Sometimes,Rarely,Keyword,First page,4,Yes,Never,others,Rarely,No,Never,Yes,3,Yes,3,4,Competitive prices,User interface ,252467
2023/06/07 6:18:37 PM GMT+5:30,67,Prefer not to say,Once a month,Clothing and Fashion,Sometimes,Rarely,Keyword,First page,5,Maybe,Rarely,Found a better price elsewhere,Never,Yes,Never,Sometimes,2,No,2,1,Customer service,better app interface and lower shipping charges,565900
2023/06/09 7:23:09 PM GMT+5:30,28,Prefer not to say,Few times a month,others,Yes,Rarely,Filter,Multiple pages,2,No,Rarely,others,Often,No,Moderately,Sometimes,5,No,3,4,Quick delivery,Reducing packaging waste,934992
2023/06/05 4:26:25 AM GMT+5:30,64,Prefer not to say,Few times a month,Beauty and Personal Care;Clothing and Fashion,Sometimes,Multiple times a day,others,First page,5,Maybe,Always,Changed my mind or no longer need the item,Never,No,Never,Yes,1,No,2,3,Product recommendations,Scrolling option would be much better than going to next page,939792
2023/06/07 2:11:50 PM GMT+5:30,55,Male,Less than once a month,Home and Kitchen;others,Sometimes,Few times a week,Filter,First page,1,Yes,Sometimes,High shipping costs,Sometimes,Yes,Occasionally,No,1,No,3,1,.,Quality of product is very poor according to the big offers,717158
2023/06/08 5:55:15 PM GMT+5:30,41,Prefer not to say,Once a week,Groceries and Gourmet Food;Home and Kitchen,Yes,Rarely,nan,First page,2,Yes,Never,others,Never,No,Occasionally,Sometimes,5,Sometimes,4,2,Competitive prices,.,535467
2023/06/11 11:15:03 PM GMT+5:30,32,Others,Once a week,Beauty and Personal Care;Clothing and Fashion,No,Few times a month,Filter,First page,5,No,Often,Changed my mind or no longer need the item,Often,No,Occasionally,Yes,2,Yes,3,5,User-friendly website/app interface,Customer service responsiveness,131006
2023/06/11 2:07:39 PM GMT+5:30,3,Others,Few times a month,Beauty and Personal Care;Clothing and Fashion,Sometimes,Multiple times a day,nan,Multiple pages,1,Yes,Often,Changed my mind or no longer need the item,Sometimes,No,Occasionally,No,4,No,3,4,Wide product selection,Nothing,240555
2023/06/07 11:47:44 AM GMT+5:30,18,Male,Less than once a month,Beauty and Personal Care;Home and Kitchen,Yes,Rarely,others,First page,1,No,Never,Changed my mind or no longer need the item,Sometimes,No,Rarely,Sometimes,4,No,2,1,Customer service ,Scrolling option would be much better than going to next page,873606
2023/06/06 9:59:35 AM GMT+5:30,8,Others,Once a week,Groceries and Gourmet Food;Beauty and Personal Care;Clothing and Fashion;Home and Kitchen,Sometimes,Rarely,categories,Multiple pages,4,Maybe,Always,Changed my mind or no longer need the item,Never,No,Rarely,Sometimes,1,Sometimes,5,5,Customer service ,User interface of app,953370
2023/06/11 10:49:49 PM GMT+5:30,18,Male,Few times a month,Beauty and Personal Care;others,No,Few times a month,nan,First page,2,Maybe,Sometimes,High shipping costs,Always,No,Rarely,Sometimes,4,Yes,3,1,User-friendly website/app interface,Product quality and accuracy,691568
2023/06/06 12:52:14 PM GMT+5:30,25,Female,Once a month,Groceries and Gourmet Food;Clothing and Fashion;others,Sometimes,Multiple times a day,Keyword,First page,5,Maybe,Never,High shipping costs,Never,No,Occasionally,No,4,No,2,1,Competitive prices,Quality of product is very poor according to the big offers,301804
2023/06/12 2:49:47 PM GMT+5:30,16,Male,Less than once a month,Groceries and Gourmet Food;Clothing and Fashion;Home and Kitchen,No,Rarely,others,Multiple pages,1,Maybe,Always,Found a better price elsewhere,Never,No,Rarely,Sometimes,2,Sometimes,2,5,Wide product selection,User interface of app,740079
2023/06/09 3:25:33 PM GMT+5:30,10,Female,Once a week,Beauty and Personal Care;Clothing and Fashion;Home and Kitchen,No,Few times a month,categories,First page,4,No,Rarely,Changed my mind or no longer need the item,Always,No,Moderately,No,4,Sometimes,2,1,Product recommendations,User interface of app,289784
2023/06/07 7:17:13 PM GMT+5:30,63,Prefer not to say,Few times a month,Beauty and Personal Care;Clothing and Fashion,Sometimes,Few times a month,categories,Multiple pages,3,Maybe,Sometimes,Found a better price elsewhere,Never,No,Heavily,Yes,1,Yes,1,4,All the above,.,124029
2023/06/08 3:23:21 AM GMT+5:30,51,Others,Multiple times a week,Clothing and Fashion;Home and Kitchen;others,Yes,Rarely,nan,First page,3,Maybe,Never,Found a better price elsewhere,Rarely,Yes,Rarely,Yes,3,No,1,4,Product recommendations,Product quality and accuracy,615881
2023/06/08 6:00:50 PM GMT+5:30,3,Prefer not to say,Once a month,Groceries and Gourmet Food;Home and Kitchen,Yes,Few times a month,categories,Multiple pages,5,Maybe,Never,others,Never,No,Moderately,Yes,5,Yes,4,2,Quick delivery,User interface of app,324443
2023/06/09 2:36:09 PM GMT+5:30,19,Male,Less than once a month,Beauty and Personal Care;Clothing and Fashion;Home and Kitchen;others,Sometimes,Few times a week,Filter,Multiple pages,3,No,Rarely,Changed my mind or no longer need the item,Sometimes,Yes,Rarely,Yes,1,No,1,1,.,better app interface and lower shipping charges,368781
2023/06/10 2:41:51 PM GMT+5:30,53,Male,Once a month,Clothing and Fashion;Home and Kitchen;others,No,Few times a month,Keyword,First page,3,No,Always,Found a better price elsewhere,Never,Yes,Never,No,5,No,5,3,User-friendly website/app interface,Scrolling option would be much better than going to next page,308642
2023/06/06 7:11:46 PM GMT+5:30,37,Female,Multiple times a week,Groceries and Gourmet Food;Beauty and Personal Care;Home and Kitchen,Yes,Rarely,categories,First page,4,Maybe,Sometimes,others,Never,Yes,Heavily,Sometimes,1,Sometimes,2,3,Product recommendations,better app interface and lower shipping charges,535739
2023/06/09 4:32:56 PM GMT+5:30,13,Female,Once a week,Groceries and Gourmet Food;Beauty and Personal Care;Clothing and Fashion,Sometimes,Few times a week,nan,First page,1,Yes,Never,Found a better price elsewhere,Rarely,No,Heavily,Yes,3,Yes,2,1,Customer service ,Irrelevant product suggestions,732507
2023/06/08 10:54:00 AM GMT+5:30,21,Male,Few times a month,Groceries and Gourmet Food;Beauty and Personal Care;Home and Kitchen,No,Few times a month,others,First page,5,Maybe,Rarely,High shipping costs,Rarely,No,Moderately,Yes,3,No,3,1,Quick delivery,I don't have any problem with Amazon,403954
2023/06/08 4:29:56 PM GMT+5:30,58,Female,Few times a month,Groceries and Gourmet Food;Clothing and Fashion,No,Multiple times a day,others,Multiple pages,5,Yes,Always,others,Always,No,Rarely,Sometimes,4,Sometimes,1,5,Customer service ,.,559683
2023/06/12 2:43:30 PM GMT+5:30,43,Prefer not to say,Less than once a month,Beauty and Personal Care;Home and Kitchen,No,Multiple times a day,others,First page,4,Yes,Always,Found a better price elsewhere,Often,No,Never,No,1,Sometimes,1,5,User-friendly website/app interface,Shipping speed and reliability,900159
2023/06/08 5:19:56 PM GMT+5:30,15,Others,Once a month,Groceries and Gourmet Food;Home and Kitchen,Yes,Few times a week,nan,Multiple pages,2,Yes,Often,High shipping costs,Sometimes,Yes,Never,Yes,3,No,4,3,Quick delivery,.,176381
2023/06/08 5:25:27 PM GMT+5:30,42,Prefer not to say,Less than once a month,Beauty and Personal Care;Home and Kitchen;others,Yes,Rarely,others,First page,2,Yes,Never,Changed my mind or no longer need the item,Sometimes,No,Occasionally,Sometimes,4,No,1,1,All the above,better app interface and lower shipping charges,215724
2023/06/08 5:33:12 PM GMT+5:30,64,Others,Less than once a month,Beauty and Personal Care;others,No,Few times a week,nan,Multiple pages,5,Maybe,Never,Found a better price elsewhere,Rarely,No,Occasionally,Yes,5,Sometimes,1,1,All the above,I don't have any problem with Amazon,397904
2023/06/09 10:26:51 AM GMT+5:30,41,Female,Once a month,Clothing and Fashion;Home and Kitchen,No,Few times a week,Keyword,Multiple pages,4,Yes,Always,others,Sometimes,Yes,Never,Yes,2,Yes,3,3,Customer service ,Nothing,394484
2023/06/06 7:40:53 PM GMT+5:30,16,Others,Few times a month,Home and Kitchen,Sometimes,Few times a week,categories,Multiple pages,5,Yes,Rarely,Changed my mind or no longer need the item,Always,Yes,Never,No,5,No,3,3,Customer service,Nil,693030
2023/06/05 2:17:45 PM GMT+5:30,65,Prefer not to say,Few times a month,Beauty and Personal Care;Home and Kitchen,Yes,Few times a month,categories,First page,5,No,Rarely,Found a better price elsewhere,Sometimes,No,Rarely,Yes,4,Sometimes,5,2,All the above,Scrolling option would be much better than going to next page,733205
2023/06/06 10:17:06 AM GMT+5:30,28,Others,Less than once a month,Beauty and Personal Care;others,Yes,Multiple times a day,Filter,First page,3,Yes,Always,High shipping costs,Sometimes,No,Heavily,No,2,No,4,5,All the above,better app interface and lower shipping charges,430769
2023/06/08 5:25:40 PM GMT+5:30,40,Others,Once a week,Groceries and Gourmet Food;Clothing and Fashion;others,Yes,Multiple times a day,categories,First page,3,Maybe,Never,Found a better price elsewhere,Sometimes,Yes,Rarely,Yes,5,Yes,1,4,Quick delivery,I have no problem with Amazon yet. But others tell me about the refund issues ,398573
2023/06/08 5:35:25 PM GMT+5:30,23,Female,Few times a month,others,Sometimes,Few times a week,categories,First page,5,Yes,Sometimes,others,Sometimes,No,Rarely,No,2,No,3,4,Customer service,better app interface and lower shipping charges,109326
2023/06/08 5:36:14 PM GMT+5:30,17,Others,Less than once a month,Beauty and Personal Care;others,Yes,Few times a month,nan,First page,2,No,Never,High shipping costs,Sometimes,No,Never,Sometimes,5,Yes,4,1,Competitive prices,.,580557
2023/06/07 3:13:52 PM GMT+5:30,4,Others,Once a month,Beauty and Personal Care;Clothing and Fashion,Yes,Rarely,Keyword,Multiple pages,1,No,Rarely,Changed my mind or no longer need the item,Never,Yes,Moderately,Yes,2,Sometimes,5,2,Product recommendations,Product quality and accuracy,931243
2023/06/11 11:25:09 PM GMT+5:30,12,Prefer not to say,Less than once a month,Groceries and Gourmet Food;Beauty and Personal Care;Clothing and Fashion;others,No,Few times a week,Keyword,Multiple pages,4,No,Often,others,Always,No,Occasionally,No,1,No,1,1,Competitive prices,better app interface and lower shipping charges,310064
2023/06/12 3:42:05 PM GMT+5:30,14,Female,Multiple times a week,Beauty and Personal Care;others,Yes,Rarely,others,First page,1,Maybe,Always,others,Sometimes,No,Never,Sometimes,3,No,4,5,Product recommendations,Irrelevant product suggestions,434331
2023/06/08 5:48:14 PM GMT+5:30,48,Others,Multiple times a week,Beauty and Personal Care;Clothing and Fashion,Yes,Rarely,others,First page,5,Maybe,Rarely,others,Always,No,Occasionally,No,5,No,3,2,Wide product selection,Reducing packaging waste,886850
2023/06/08 5:06:30 PM GMT+5:30,67,Others,Once a month,Groceries and Gourmet Food;Beauty and Personal Care;others,Sometimes,Rarely,others,First page,2,No,Never,Changed my mind or no longer need the item,Often,Yes,Occasionally,No,3,Yes,5,2,Product recommendations,Add more familiar brands to the list,152329
2023/06/06 7:18:52 PM GMT+5:30,22,Male,Few times a month,Groceries and Gourmet Food;Beauty and Personal Care;Clothing and Fashion,Yes,Rarely,nan,First page,1,Yes,Never,High shipping costs,Sometimes,Yes,Moderately,Sometimes,5,Yes,4,1,User-friendly website/app interface,User interface ,638201
2023/06/06 7:08:47 PM GMT+5:30,30,Female,Once a month,Groceries and Gourmet Food;Clothing and Fashion;others,No,Rarely,nan,Multiple pages,4,Yes,Always,others,Never,Yes,Heavily,No,1,Sometimes,5,3,Wide product selection,No problems with Amazon,548509
2023/06/11 11:00:11 PM GMT+5:30,21,Female,Once a week,Groceries and Gourmet Food;Beauty and Personal Care;Home and Kitchen,No,Few times a month,Filter,Multiple pages,3,Maybe,Never,Changed my mind or no longer need the item,Sometimes,Yes,Never,Sometimes,3,Yes,4,4,Quick delivery,Quality of product is very poor according to the big offers,542712
2023/06/06 11:28:31 PM GMT+5:30,41,Prefer not to say,Less than once a month,Beauty and Personal Care;Clothing and Fashion,No,Few times a week,categories,Multiple pages,2,Maybe,Often,Changed my mind or no longer need the item,Often,No,Occasionally,Yes,5,Yes,2,4,User-friendly website/app interface,Scrolling option would be much better than going to next page,918647
2023/06/09 3:17:31 PM GMT+5:30,49,Others,Once a month,Beauty and Personal Care,Yes,Rarely,Filter,First page,5,No,Rarely,others,Sometimes,No,Occasionally,Yes,5,Yes,5,2,User-friendly website/app interface,No problems with Amazon,143716
2023/06/06 6:46:21 PM GMT+5:30,59,Prefer not to say,Multiple times a week,Clothing and Fashion;Home and Kitchen,Yes,Multiple times a day,Filter,Multiple pages,5,No,Never,Found a better price elsewhere,Often,No,Occasionally,Yes,5,Yes,5,2,Competitive prices,Irrelevant product suggestions,893925
2023/06/08 5:45:59 PM GMT+5:30,49,Prefer not to say,Once a week,Beauty and Personal Care;Clothing and Fashion;Home and Kitchen,Sometimes,Few times a month,others,Multiple pages,5,No,Rarely,Found a better price elsewhere,Often,No,Moderately,No,5,No,4,5,All the above,I have no problem with Amazon yet. But others tell me about the refund issues ,162137
2023/06/09 12:22:47 PM GMT+5:30,21,Others,Multiple times a week,Groceries and Gourmet Food,Sometimes,Multiple times a day,nan,Multiple pages,3,Yes,Often,others,Rarely,Yes,Rarely,Yes,4,No,3,2,.,Nothing,823012
2023/06/06 6:45:07 PM GMT+5:30,37,Prefer not to say,Less than once a month,Home and Kitchen;others,No,Few times a month,Keyword,First page,4,Maybe,Always,Changed my mind or no longer need the item,Rarely,Yes,Moderately,Yes,5,Sometimes,4,3,User-friendly website/app interface,Product quality and accuracy,865137
2023/06/06 7:54:19 PM GMT+5:30,65,Male,Less than once a month,Groceries and Gourmet Food;Clothing and Fashion;Home and Kitchen,Sometimes,Multiple times a day,categories,First page,2,Maybe,Always,Changed my mind or no longer need the item,Sometimes,Yes,Moderately,No,2,Sometimes,5,5,Quick delivery,Reducing packaging waste,805852
2023/06/06 6:57:14 PM GMT+5:30,18,Male,Once a week,Groceries and Gourmet Food;Clothing and Fashion,Sometimes,Few times a week,categories,First page,2,Yes,Always,Found a better price elsewhere,Sometimes,Yes,Heavily,Yes,2,Yes,5,3,User-friendly website/app interface,No problems with Amazon,951190
2023/06/08 5:28:09 PM GMT+5:30,22,Prefer not to say,Once a week,Beauty and Personal Care;Clothing and Fashion;Home and Kitchen,No,Multiple times a day,others,Multiple pages,3,No,Always,others,Often,No,Rarely,Yes,2,Sometimes,3,1,Customer service,Product quality and accuracy,926513
2023/06/06 10:36:14 AM GMT+5:30,52,Male,Once a month,Groceries and Gourmet Food;Beauty and Personal Care;Clothing and Fashion;others,Sometimes,Multiple times a day,Keyword,First page,4,Maybe,Sometimes,others,Never,No,Never,No,4,Sometimes,1,4,Customer service ,Nil,251621
2023/06/04 11:27:53 PM GMT+5:30,14,Female,Once a week,Home and Kitchen;others,No,Few times a week,nan,First page,1,Maybe,Sometimes,Found a better price elsewhere,Never,Yes,Rarely,No,2,Yes,4,2,Product recommendations,Add more familiar brands to the list,816112
2023/06/08 3:33:39 AM GMT+5:30,65,Others,Few times a month,Home and Kitchen;others,Sometimes,Multiple times a day,categories,First page,2,Maybe,Often,others,Often,Yes,Occasionally,Yes,2,No,2,1,Product recommendations,I have no problem with Amazon yet. But others tell me about the refund issues ,193622
2023/06/12 2:49:47 PM GMT+5:30,22,Male,Once a week,Groceries and Gourmet Food;Beauty and Personal Care;Home and Kitchen,Yes,Few times a month,nan,First page,2,Maybe,Rarely,High shipping costs,Always,Yes,Never,Yes,5,Sometimes,3,1,.,Nothing,829042
2023/06/12 3:59:59 PM GMT+5:30,7,Male,Less than once a month,Groceries and Gourmet Food;Beauty and Personal Care,No,Few times a month,others,First page,3,No,Never,High shipping costs,Never,No,Rarely,Sometimes,1,Yes,2,1,Quick delivery,better app interface and lower shipping charges,580946
2023/06/11 10:47:42 PM GMT+5:30,41,Female,Once a week,Groceries and Gourmet Food;Beauty and Personal Care;Clothing and Fashion,Yes,Few times a month,Filter,Multiple pages,2,Yes,Never,Changed my mind or no longer need the item,Rarely,No,Moderately,No,1,Yes,5,2,Quick delivery,Irrelevant product suggestions,698617
2023/06/08 3:26:38 AM GMT+5:30,44,Others,Less than once a month,Groceries and Gourmet Food;Clothing and Fashion,Sometimes,Few times a month,others,First page,5,No,Never,High shipping costs,Sometimes,No,Rarely,Yes,5,Yes,5,2,Competitive prices,User interface of app,203292
2023/06/06 8:08:19 PM GMT+5:30,60,Others,Multiple times a week,Beauty and Personal Care;others,Sometimes,Few times a month,nan,First page,5,Yes,Never,Found a better price elsewhere,Never,No,Never,Sometimes,5,Sometimes,2,5,Quick delivery,User interface ,204978
2023/06/05 8:06:04 PM GMT+5:30,34,Others,Once a month,Groceries and Gourmet Food,Yes,Few times a week,Filter,Multiple pages,4,Maybe,Always,others,Never,No,Moderately,No,3,Sometimes,5,4,Customer service ,Nil,290486
2023/06/09 2:39:16 PM GMT+5:30,5,Prefer not to say,Less than once a month,Beauty and Personal Care;Home and Kitchen,Yes,Few times a month,Filter,Multiple pages,2,Maybe,Sometimes,High shipping costs,Never,Yes,Occasionally,Yes,2,No,4,5,Product recommendations,User interface of app,599858
2023/06/05 10:53:16 AM GMT+5:30,37,Others,Less than once a month,Groceries and Gourmet Food;Beauty and Personal Care;Clothing and Fashion;Home and Kitchen;others,No,Few times a month,Keyword,First page,5,Yes,Always,Changed my mind or no longer need the item,Sometimes,No,Heavily,Sometimes,1,No,4,2,Customer service,better app interface and lower shipping charges,811961
2023/06/07 5:58:12 PM GMT+5:30,50,Others,Few times a month,Groceries and Gourmet Food;Clothing and Fashion,No,Few times a month,others,First page,1,No,Often,Found a better price elsewhere,Always,No,Occasionally,No,3,No,5,4,Customer service ,User interface ,551136
2023/06/06 7:54:19 PM GMT+5:30,7,Others,Few times a month,Beauty and Personal Care;others,No,Rarely,Keyword,Multiple pages,3,No,Often,High shipping costs,Sometimes,Yes,Moderately,Yes,3,Sometimes,4,4,Customer service ,I don't have any problem with Amazon,882764
2023/06/07 9:54:56 PM GMT+5:30,59,Female,Once a week,Groceries and Gourmet Food;Beauty and Personal Care;others,Sometimes,Rarely,Keyword,First page,2,Maybe,Sometimes,Found a better price elsewhere,Rarely,No,Never,Yes,5,Sometimes,4,1,Quick delivery,Quality of product is very poor according to the big offers,910801
2023/06/07 9:54:24 PM GMT+5:30,24,Male,Once a week,Groceries and Gourmet Food;Beauty and Personal Care;Clothing and Fashion,No,Few times a month,others,Multiple pages,2,Yes,Never,Found a better price elsewhere,Rarely,No,Moderately,Sometimes,4,Sometimes,5,3,Customer service ,User interface ,543479
2023/06/04 9:48:15 PM GMT+5:30,23,Others,Once a week,Clothing and Fashion,Yes,Few times a month,categories,Multiple pages,1,Maybe,Always,High shipping costs,Sometimes,Yes,Never,Yes,5,Sometimes,5,1,Product recommendations,I have no problem with Amazon yet. But others tell me about the refund issues ,860370
2023/06/07 11:44:55 AM GMT+5:30,39,Female,Once a week,Beauty and Personal Care,Yes,Multiple times a day,Keyword,First page,3,No,Rarely,Found a better price elsewhere,Always,Yes,Moderately,No,1,Sometimes,2,5,Quick delivery,Shipping speed and reliability,462416
2023/06/08 5:31:03 PM GMT+5:30,31,Male,Once a week,Groceries and Gourmet Food;Beauty and Personal Care;Clothing and Fashion;Home and Kitchen,No,Few times a month,categories,Multiple pages,1,No,Always,Changed my mind or no longer need the item,Sometimes,Yes,Occasionally,No,1,Yes,1,1,Wide product selection,UI,930692
2023/06/04 9:10:51 PM GMT+5:30,66,Female,Once a month,Groceries and Gourmet Food;Beauty and Personal Care;Clothing and Fashion;Home and Kitchen;others,Sometimes,Few times a week,nan,Multiple pages,5,No,Rarely,others,Never,No,Rarely,Yes,2,Sometimes,3,3,Wide product selection,Nil,690905
2023/06/05 1:35:41 PM GMT+5:30,21,Others,Less than once a month,Groceries and Gourmet Food;Beauty and Personal Care;Home and Kitchen,Sometimes,Few times a week,nan,First page,4,Maybe,Sometimes,others,Often,Yes,Rarely,Yes,1,Yes,4,3,All the above,Customer service responsiveness,735056
2023/06/11 10:52:47 PM GMT+5:30,33,Others,Multiple times a week,Beauty and Personal Care;Clothing and Fashion,Yes,Few times a month,categories,First page,3,Maybe,Always,High shipping costs,Never,No,Moderately,Sometimes,5,Sometimes,1,2,.,Nothing,361083
2023/06/06 7:11:46 PM GMT+5:30,34,Prefer not to say,Once a week,Groceries and Gourmet Food;Home and Kitchen,Yes,Few times a month,categories,Multiple pages,2,No,Often,Changed my mind or no longer need the item,Never,No,Never,No,5,Yes,4,2,Wide product selection,Customer service responsiveness,314744
2023/06/06 7:02:21 PM GMT+5:30,65,Prefer not to say,Once a week,Beauty and Personal Care;Clothing and Fashion;others,Sometimes,Few times a week,others,Multiple pages,5,No,Sometimes,Changed my mind or no longer need the item,Always,No,Heavily,Sometimes,5,No,3,1,.,Add more familiar brands to the list,588224
2023/06/07 11:06:40 PM GMT+5:30,39,Others,Few times a month,Beauty and Personal Care;Clothing and Fashion;others,Sometimes,Multiple times a day,categories,First page,4,No,Sometimes,High shipping costs,Sometimes,No,Heavily,Yes,4,Yes,4,5,All the above,Customer service responsiveness,774979
2023/06/12 3:51:31 PM GMT+5:30,48,Others,Once a month,Beauty and Personal Care;Clothing and Fashion;Home and Kitchen,No,Rarely,others,Multiple pages,2,Yes,Always,Changed my mind or no longer need the item,Sometimes,Yes,Moderately,Yes,4,Sometimes,3,1,Customer service,UI,681150
2023/06/11 11:02:55 PM GMT+5:30,54,Others,Multiple times a week,Groceries and Gourmet Food;Beauty and Personal Care,Sometimes,Few times a month,Keyword,Multiple pages,4,Yes,Never,Changed my mind or no longer need the item,Sometimes,No,Heavily,No,5,Sometimes,1,5,Customer service ,Nothing,673817
2023/06/06 4:46:25 PM GMT+5:30,58,Others,Once a week,Beauty and Personal Care;Home and Kitchen;others,Sometimes,Rarely,categories,Multiple pages,4,Yes,Often,Changed my mind or no longer need the item,Sometimes,No,Heavily,Sometimes,3,No,3,4,All the above,Product quality and accuracy,790702
2023/06/12 3:56:57 PM GMT+5:30,41,Female,Once a week,Beauty and Personal Care;Home and Kitchen;others,Yes,Few times a week,Keyword,Multiple pages,5,Maybe,Often,Changed my mind or no longer need the item,Always,Yes,Rarely,No,5,No,1,2,Competitive prices,Nil,182327
2023/06/06 7:20:35 PM GMT+5:30,22,Female,Once a month,Beauty and Personal Care;Home and Kitchen,Yes,Multiple times a day,others,Multiple pages,5,No,Never,Changed my mind or no longer need the item,Often,No,Rarely,No,3,Yes,1,2,.,Quality of product is very poor according to the big offers,839580
2023/06/11 11:20:18 PM GMT+5:30,25,Female,Few times a month,Groceries and Gourmet Food;Beauty and Personal Care;Clothing and Fashion,Sometimes,Rarely,Keyword,Multiple pages,2,Yes,Never,High shipping costs,Never,No,Occasionally,No,5,No,5,2,Customer service,.,386878
2023/06/07 10:58:04 PM GMT+5:30,11,Male,Few times a month,Groceries and Gourmet Food;Clothing and Fashion;Home and Kitchen,No,Few times a week,Filter,Multiple pages,2,Yes,Always,Found a better price elsewhere,Sometimes,No,Occasionally,Sometimes,1,Yes,2,5,Quick delivery,Add more familiar brands to the list,467959
2023/06/06 6:38:03 PM GMT+5:30,44,Others,Less than once a month,Groceries and Gourmet Food;Beauty and Personal Care;Clothing and Fashion,Yes,Rarely,Filter,Multiple pages,5,Maybe,Never,Changed my mind or no longer need the item,Rarely,Yes,Occasionally,Sometimes,5,Yes,4,4,Wide product selection,.,448916
2023/06/04 8:45:45 PM GMT+5:30,33,Male,Once a week,Home and Kitchen;others,Yes,Rarely,Keyword,First page,5,Maybe,Never,Changed my mind or no longer need the item,Sometimes,No,Rarely,Yes,1,Yes,2,5,Customer service,No problems with Amazon,488521
2023/06/07 12:30:22 PM GMT+5:30,27,Others,Few times a month,Clothing and Fashion;Home and Kitchen,Yes,Rarely,nan,First page,5,Yes,Never,others,Often,Yes,Rarely,No,2,No,1,1,.,I don't have any problem with Amazon,334024
2023/06/09 2:44:09 PM GMT+5:30,50,Male,Less than once a month,Groceries and Gourmet Food;Clothing and Fashion;Home and Kitchen;others,No,Rarely,Keyword,First page,4,Yes,Rarely,Found a better price elsewhere,Rarely,No,Never,Sometimes,2,Sometimes,1,4,Customer service,User interface of app,650087
2023/06/11 11:28:26 PM GMT+5:30,43,Prefer not to say,Once a week,Beauty and Personal Care;Clothing and Fashion;Home and Kitchen,Sometimes,Few times a month,categories,First page,5,No,Never,Found a better price elsewhere,Rarely,Yes,Occasionally,Yes,3,Sometimes,2,2,Competitive prices,Add more familiar brands to the list,702690
2023/06/05 9:56:08 PM GMT+5:30,34,Female,Once a month,Groceries and Gourmet Food;Clothing and Fashion;Home and Kitchen;others,No,Few times a week,Keyword,First page,3,Yes,Often,Found a better price elsewhere,Often,No,Heavily,Yes,3,Sometimes,5,2,All the above,No problems with Amazon,767352
2023/06/06 11:49:21 AM GMT+5:30,17,Female,Few times a month,Groceries and Gourmet Food;Home and Kitchen,Sometimes,Few times a month,categories,Multiple pages,4,No,Sometimes,others,Always,Yes,Occasionally,Sometimes,5,No,1,5,Wide product selection,User interface ,606085
2023/06/05 10:07:33 PM GMT+5:30,37,Male,Once a month,Groceries and Gourmet Food;Beauty and Personal Care,No,Few times a month,Filter,First page,4,Maybe,Always,Changed my mind or no longer need the item,Sometimes,Yes,Rarely,Yes,1,Sometimes,5,3,Quick delivery,Reducing packaging waste,816819
2023/06/07 3:56:01 PM GMT+5:30,7,Others,Once a week,Clothing and Fashion;Home and Kitchen,Yes,Few times a week,others,First page,4,Maybe,Never,High shipping costs,Rarely,Yes,Moderately,No,5,No,1,3,Quick delivery,Add more familiar brands to the list,258890
2023/06/08 5:45:08 PM GMT+5:30,6,Female,Once a week,Groceries and Gourmet Food;Beauty and Personal Care,Yes,Few times a month,others,First page,5,Yes,Always,Found a better price elsewhere,Sometimes,No,Moderately,No,4,No,5,3,Customer service ,UI,640889
2023/06/08 10:24:19 PM GMT+5:30,20,Female,Multiple times a week,Groceries and Gourmet Food;Beauty and Personal Care;Clothing and Fashion,No,Few times a week,categories,Multiple pages,1,Yes,Often,others,Sometimes,Yes,Occasionally,Yes,5,Sometimes,1,1,.,Add more familiar brands to the list,141154
2023/06/04 8:00:11 PM GMT+5:30,52,Female,Multiple times a week,Beauty and Personal Care,Yes,Multiple times a day,others,First page,3,Maybe,Always,others,Often,No,Rarely,No,4,Sometimes,2,3,Wide product selection,Product quality and accuracy,432418
2023/06/07 9:28:09 AM GMT+5:30,12,Male,Less than once a month,Groceries and Gourmet Food;Clothing and Fashion;Home and Kitchen;others,Yes,Multiple times a day,Filter,First page,1,Maybe,Rarely,High shipping costs,Never,No,Occasionally,No,4,Sometimes,1,4,All the above,Nil,838721
2023/06/04 9:22:58 PM GMT+5:30,21,Male,Few times a month,Groceries and Gourmet Food;Clothing and Fashion;Home and Kitchen,Sometimes,Few times a month,Keyword,Multiple pages,3,Yes,Rarely,others,Always,Yes,Heavily,Yes,4,No,2,4,User-friendly website/app interface,Quality of product is very poor according to the big offers,347417
2023/06/07 6:29:14 PM GMT+5:30,22,Prefer not to say,Once a month,Clothing and Fashion,Yes,Few times a week,others,Multiple pages,4,Maybe,Rarely,Changed my mind or no longer need the item,Never,No,Moderately,Sometimes,1,Sometimes,5,5,Competitive prices,User interface ,171156
2023/06/07 8:41:53 PM GMT+5:30,53,Male,Multiple times a week,Beauty and Personal Care;others,Sometimes,Few times a week,Filter,First page,2,Yes,Sometimes,others,Always,Yes,Moderately,Yes,1,Yes,2,4,Product recommendations,Irrelevant product suggestions,568447
2023/06/06 9:45:55 AM GMT+5:30,67,Female,Once a month,Clothing and Fashion,Yes,Few times a week,nan,First page,4,Maybe,Never,Found a better price elsewhere,Often,No,Rarely,Yes,4,No,2,5,Competitive prices,Scrolling option would be much better than going to next page,448795
2023/06/12 3:53:28 PM GMT+5:30,35,Male,Once a month,Groceries and Gourmet Food;Beauty and Personal Care,Yes,Multiple times a day,nan,Multiple pages,3,No,Rarely,Changed my mind or no longer need the item,Often,Yes,Heavily,No,5,Sometimes,3,5,Customer service ,No problems with Amazon,776105
2023/06/06 7:54:19 PM GMT+5:30,18,Male,Few times a month,Home and Kitchen;others,No,Few times a week,Keyword,Multiple pages,5,Maybe,Sometimes,High shipping costs,Rarely,Yes,Moderately,No,3,Sometimes,3,1,Competitive prices,better app interface and lower shipping charges,747506
2023/06/06 7:42:51 PM GMT+5:30,39,Others,Once a month,Groceries and Gourmet Food;Beauty and Personal Care;Clothing and Fashion;Home and Kitchen;others,No,Multiple times a day,Keyword,First page,3,Yes,Always,Changed my mind or no longer need the item,Never,No,Rarely,Sometimes,1,Sometimes,1,5,All the above,Nothing,942597
2023/06/09 2:51:07 PM GMT+5:30,30,Male,Less than once a month,Beauty and Personal Care;Home and Kitchen,No,Few times a month,Keyword,Multiple pages,3,Maybe,Sometimes,others,Always,Yes,Occasionally,Sometimes,3,Yes,4,3,Wide product selection,User interface of app,354114
2023/06/08 5:39:54 PM GMT+5:30,61,Female,Once a week,Groceries and Gourmet Food;Clothing and Fashion;Home and Kitchen,No,Few times a month,categories,Multiple pages,1,Maybe,Often,others,Sometimes,No,Never,Sometimes,4,Sometimes,4,5,User-friendly website/app interface,UI,810920
2023/06/08 10:41:11 PM GMT+5:30,27,Others,Once a month,Clothing and Fashion;Home and Kitchen,No,Multiple times a day,nan,First page,1,Maybe,Rarely,Found a better price elsewhere,Always,No,Moderately,Sometimes,4,No,5,1,Customer service ,Product quality and accuracy,383759
2023/06/08 5:46:49 PM GMT+5:30,58,Prefer not to say,Few times a month,Groceries and Gourmet Food;Beauty and Personal Care;Clothing and Fashion;Home and Kitchen;others,No,Multiple times a day,nan,Multiple pages,3,No,Often,Changed my mind or no longer need the item,Always,No,Heavily,Sometimes,2,Yes,5,3,.,No problems with Amazon,105744
2023/06/07 10:07:42 PM GMT+5:30,29,Others,Once a week,Beauty and Personal Care,No,Few times a week,others,Multiple pages,2,No,Always,Found a better price elsewhere,Sometimes,No,Heavily,Sometimes,4,No,1,2,Competitive prices,Product quality and accuracy,761775
2023/06/09 9:31:57 AM GMT+5:30,32,Female,Once a week,Groceries and Gourmet Food;Beauty and Personal Care;Clothing and Fashion,Yes,Multiple times a day,categories,First page,3,Maybe,Always,Changed my mind or no longer need the item,Never,Yes,Heavily,No,5,No,2,4,User-friendly website/app interface,Reducing packaging waste,474644
2023/06/09 3:09:41 PM GMT+5:30,56,Female,Less than once a month,Clothing and Fashion;others,Sometimes,Few times a month,nan,First page,1,No,Often,others,Never,No,Occasionally,Yes,4,No,1,1,.,Quality of product is very poor according to the big offers,162159
2023/06/07 8:20:23 PM GMT+5:30,22,Others,Few times a month,Groceries and Gourmet Food;Beauty and Personal Care;Home and Kitchen,Sometimes,Multiple times a day,nan,Multiple pages,3,Maybe,Always,others,Sometimes,No,Heavily,Sometimes,3,Sometimes,2,1,.,.,530872
2023/06/11 11:27:55 PM GMT+5:30,16,Prefer not to say,Few times a month,Home and Kitchen,No,Few times a week,categories,First page,1,Maybe,Never,High shipping costs,Never,Yes,Never,Sometimes,3,Yes,1,2,User-friendly website/app interface,Nothing,933746
2023/06/05 7:04:21 PM GMT+5:30,9,Others,Once a week,Groceries and Gourmet Food;Beauty and Personal Care;Home and Kitchen,No,Rarely,Keyword,First page,2,No,Often,Found a better price elsewhere,Never,Yes,Moderately,No,3,Yes,5,4,.,Add more familiar brands to the list,908119
2023/06/11 11:10:14 PM GMT+5:30,67,Others,Less than once a month,Beauty and Personal Care;Clothing and Fashion;Home and Kitchen;others,Yes,Multiple times a day,others,Multiple pages,5,Yes,Sometimes,Changed my mind or no longer need the item,Often,Yes,Rarely,Sometimes,5,No,4,3,Quick delivery,better app interface and lower shipping charges,704430
2023/06/12 3:42:05 PM GMT+5:30,52,Female,Less than once a month,Beauty and Personal Care;Clothing and Fashion;Home and Kitchen,Yes,Rarely,Filter,Multiple pages,3,Yes,Sometimes,others,Rarely,No,Never,No,3,No,4,1,Competitive prices,Shipping speed and reliability,197848
2023/06/08 3:30:05 AM GMT+5:30,18,Female,Once a week,Groceries and Gourmet Food;Clothing and Fashion;Home and Kitchen;others,No,Few times a month,others,First page,5,Yes,Always,others,Always,No,Moderately,Yes,2,Yes,2,3,Wide product selection,Add more familiar brands to the list,269422
2023/06/06 5:16:58 PM GMT+5:30,13,Female,Few times a month,Beauty and Personal Care;Clothing and Fashion;Home and Kitchen;others,Sometimes,Few times a month,Keyword,First page,3,Yes,Sometimes,others,Rarely,No,Rarely,No,4,Yes,1,3,Customer service ,better app interface and lower shipping charges,556315
2023/06/04 11:38:30 PM GMT+5:30,23,Others,Multiple times a week,Groceries and Gourmet Food;Home and Kitchen;others,Sometimes,Multiple times a day,Filter,First page,3,No,Often,Found a better price elsewhere,Often,Yes,Moderately,No,5,Sometimes,2,4,Wide product selection,Nothing,815450
2023/06/11 11:26:54 PM GMT+5:30,19,Prefer not to say,Once a month,Groceries and Gourmet Food;Beauty and Personal Care;Home and Kitchen,Yes,Multiple times a day,Filter,First page,3,Maybe,Always,Found a better price elsewhere,Often,No,Rarely,Yes,5,Sometimes,4,3,Customer service,Irrelevant product suggestions,437078
2023/06/07 11:01:42 PM GMT+5:30,41,Prefer not to say,Once a week,Groceries and Gourmet Food;Beauty and Personal Care;others,Yes,Multiple times a day,Keyword,First page,5,No,Rarely,Found a better price elsewhere,Rarely,Yes,Never,Sometimes,1,No,3,5,Product recommendations,Customer service responsiveness,169278
2023/06/05 10:07:33 PM GMT+5:30,34,Others,Once a week,others,Sometimes,Few times a week,Filter,First page,2,Yes,Often,High shipping costs,Always,Yes,Rarely,Sometimes,1,Yes,1,3,User-friendly website/app interface,Scrolling option would be much better than going to next page,199333
2023/06/12 3:52:33 PM GMT+5:30,30,Prefer not to say,Multiple times a week,Groceries and Gourmet Food;Beauty and Personal Care;Clothing and Fashion;Home and Kitchen,Yes,Few times a week,nan,Multiple pages,4,Maybe,Never,Changed my mind or no longer need the item,Never,Yes,Occasionally,Yes,5,Sometimes,2,5,Quick delivery,User interface ,342722
2023/06/06 11:20:53 AM GMT+5:30,57,Others,Once a month,Groceries and Gourmet Food;Clothing and Fashion;others,Yes,Multiple times a day,Keyword,Multiple pages,1,Maybe,Sometimes,High shipping costs,Rarely,Yes,Never,Sometimes,2,No,5,4,Customer service,Shipping speed and reliability,731283
2023/06/12 3:27:59 PM GMT+5:30,61,Female,Few times a month,Groceries and Gourmet Food;Clothing and Fashion;others,No,Few times a week,nan,First page,1,No,Never,Found a better price elsewhere,Sometimes,No,Occasionally,Yes,2,Sometimes,1,3,.,User interface of app,290215
2023/06/12 3:38:48 PM GMT+5:30,54,Male,Once a month,Groceries and Gourmet Food;Beauty and Personal Care;Clothing and Fashion;Home and Kitchen;others,No,Few times a week,others,Multiple pages,3,Maybe,Rarely,others,Often,Yes,Moderately,No,1,No,4,4,Competitive prices,Quality of product is very poor according to the big offers,233394
2023/06/05 1:37:01 PM GMT+5:30,28,Prefer not to say,Few times a month,Clothing and Fashion,Sometimes,Multiple times a day,Filter,First page,1,Yes,Never,High shipping costs,Sometimes,No,Heavily,No,1,No,4,3,Wide product selection,No problems with Amazon,248879
2023/06/06 6:44:50 PM GMT+5:30,37,Female,Few times a month,Groceries and Gourmet Food;Clothing and Fashion;Home and Kitchen,Yes,Few times a month,categories,Multiple pages,1,Yes,Always,High shipping costs,Rarely,Yes,Rarely,Sometimes,4,Sometimes,5,1,Customer service ,I don't have any problem with Amazon,941380
2023/06/08 9:39:30 PM GMT+5:30,46,Male,Less than once a month,Groceries and Gourmet Food;Beauty and Personal Care;Home and Kitchen,No,Few times a month,Filter,Multiple pages,3,Yes,Rarely,High shipping costs,Always,No,Moderately,Sometimes,3,Yes,3,2,Customer service,Shipping speed and reliability,553720
2023/06/09 9:32:44 AM GMT+5:30,26,Others,Few times a month,Beauty and Personal Care,No,Multiple times a day,Keyword,Multiple pages,2,No,Never,High shipping costs,Never,No,Moderately,Yes,1,Sometimes,4,1,Product recommendations,I don't have any problem with Amazon,802918
2023/06/11 10:59:30 PM GMT+5:30,51,Male,Once a month,Home and Kitchen,Yes,Multiple times a day,Keyword,Multiple pages,1,Maybe,Always,others,Sometimes,Yes,Never,Yes,3,Sometimes,3,3,Competitive prices,Nothing,158034
2023/06/04 10:37:00 PM GMT+5:30,30,Prefer not to say,Multiple times a week,Home and Kitchen,No,Rarely,categories,First page,5,Yes,Always,High shipping costs,Often,Yes,Never,Sometimes,1,No,5,1,Product recommendations,Add more familiar brands to the list,793333
2023/06/09 9:35:57 AM GMT+5:30,52,Prefer not to say,Multiple times a week,Groceries and Gourmet Food;Beauty and Personal Care;Clothing and Fashion;Home and Kitchen,Yes,Few times a week,nan,First page,3,Yes,Never,Changed my mind or no longer need the item,Always,Yes,Occasionally,Sometimes,3,Yes,5,5,Customer service ,I have no problem with Amazon yet. But others tell me about the refund issues ,205978
2023/06/07 10:17:40 PM GMT+5:30,63,Prefer not to say,Less than once a month,Beauty and Personal Care;Clothing and Fashion;others,Yes,Few times a week,others,First page,4,Maybe,Never,Found a better price elsewhere,Always,Yes,Heavily,No,2,No,4,3,User-friendly website/app interface,Nil,596073
2023/06/09 9:37:15 AM GMT+5:30,18,Prefer not to say,Few times a month,Groceries and Gourmet Food;Beauty and Personal Care;Clothing and Fashion,Sometimes,Multiple times a day,others,Multiple pages,4,Yes,Sometimes,Changed my mind or no longer need the item,Never,Yes,Rarely,No,2,No,2,5,Competitive prices,I don't have any problem with Amazon,645425
2023/06/05 10:08:15 PM GMT+5:30,58,Others,Few times a month,Home and Kitchen,Sometimes,Rarely,nan,Multiple pages,3,No,Sometimes,Changed my mind or no longer need the item,Never,No,Heavily,Yes,5,Yes,5,4,.,I have no problem with Amazon yet. But others tell me about the refund issues ,731518
2023/06/08 5:39:57 PM GMT+5:30,6,Others,Multiple times a week,Groceries and Gourmet Food;Beauty and Personal Care;Clothing and Fashion;Home and Kitchen,Yes,Multiple times a day,Keyword,Multiple pages,2,Maybe,Rarely,others,Often,Yes,Rarely,Sometimes,2,No,2,2,Competitive prices,No problems with Amazon,999532
2023/06/06 9:08:20 PM GMT+5:30,63,Prefer not to say,Less than once a month,Clothing and Fashion;Home and Kitchen;others,Yes,Few times a month,Keyword,First page,5,No,Always,Changed my mind or no longer need the item,Rarely,No,Occasionally,Sometimes,4,Yes,1,3,Wide product selection,User interface ,327956
2023/06/10 2:41:51 PM GMT+5:30,18,Others,Less than once a month,Groceries and Gourmet Food;Clothing and Fashion;Home and Kitchen;others,Sometimes,Rarely,others,First page,1,Yes,Always,Found a better price elsewhere,Always,No,Occasionally,Yes,5,Yes,4,4,.,Reducing packaging waste,925580
2023/06/05 8:49:12 PM GMT+5:30,54,Male,Once a month,Clothing and Fashion;Home and Kitchen;others,Sometimes,Few times a month,Keyword,Multiple pages,4,Maybe,Sometimes,Changed my mind or no longer need the item,Sometimes,No,Rarely,Sometimes,5,No,2,2,All the above,Reducing packaging waste,251784
2023/06/08 5:23:08 PM GMT+5:30,55,Prefer not to say,Less than once a month,Groceries and Gourmet Food;Clothing and Fashion;others,No,Multiple times a day,categories,First page,5,No,Always,Changed my mind or no longer need the item,Rarely,No,Heavily,Yes,5,Yes,4,5,Customer service,.,329069
2023/06/09 3:18:25 PM GMT+5:30,29,Prefer not to say,Once a week,Groceries and Gourmet Food;Home and Kitchen,No,Multiple times a day,others,First page,3,Yes,Never,Changed my mind or no longer need the item,Sometimes,Yes,Never,Sometimes,2,Sometimes,1,3,Product recommendations,I have no problem with Amazon yet. But others tell me about the refund issues ,203849
2023/06/07 9:54:24 PM GMT+5:30,32,Male,Once a month,Beauty and Personal Care;Clothing and Fashion;Home and Kitchen,No,Multiple times a day,nan,Multiple pages,2,No,Often,Changed my mind or no longer need the item,Rarely,Yes,Rarely,Sometimes,2,Sometimes,3,2,Quick delivery,Customer service responsiveness,594578
2023/06/07 11:01:42 PM GMT+5:30,3,Male,Less than once a month,Beauty and Personal Care;Clothing and Fashion,Sometimes,Multiple times a day,categories,Multiple pages,3,No,Often,Changed my mind or no longer need the item,Always,No,Heavily,No,1,Sometimes,3,2,Wide product selection,Shipping speed and reliability,985496
2023/06/04 8:48:59 PM GMT+5:30,6,Female,Once a week,Groceries and Gourmet Food;Home and Kitchen,Sometimes,Few times a week,nan,First page,4,No,Always,others,Never,Yes,Moderately,No,4,Yes,4,3,Wide product selection,Add more familiar brands to the list,219432
2023/06/05 11:54:52 AM GMT+5:30,47,Male,Less than once a month,Beauty and Personal Care;Clothing and Fashion;others,No,Rarely,Filter,Multiple pages,3,Yes,Often,Found a better price elsewhere,Often,Yes,Heavily,No,5,Sometimes,1,3,Customer service,Shipping speed and reliability,671416
2023/06/09 2:41:53 PM GMT+5:30,66,Others,Less than once a month,Groceries and Gourmet Food;Home and Kitchen,Yes,Few times a week,Filter,Multiple pages,3,Yes,Often,Changed my mind or no longer need the item,Never,Yes,Never,Sometimes,5,Yes,3,1,All the above,better app interface and lower shipping charges,510919
2023/06/09 10:28:23 AM GMT+5:30,51,Female,Few times a month,Groceries and Gourmet Food;Beauty and Personal Care;Clothing and Fashion;others,Yes,Multiple times a day,Keyword,Multiple pages,4,Yes,Sometimes,Found a better price elsewhere,Always,Yes,Moderately,Sometimes,4,Sometimes,3,2,Wide product selection,Nil,347901
2023/06/07 10:10:26 PM GMT+5:30,12,Prefer not to say,Multiple times a week,Beauty and Personal Care,Yes,Few times a month,Filter,First page,4,Yes,Never,Found a better price elsewhere,Often,Yes,Occasionally,No,2,Sometimes,1,5,Product recommendations,.,351211
2023/06/11 10:51:27 PM GMT+5:30,28,Others,Few times a month,Beauty and Personal Care;others,Yes,Few times a month,Keyword,First page,3,Yes,Often,Found a better price elsewhere,Sometimes,Yes,Never,Yes,3,No,5,1,User-friendly website/app interface,Reducing packaging waste,658736
2023/06/07 6:28:35 PM GMT+5:30,58,Prefer not to say,Once a month,Home and Kitchen;others,No,Few times a month,categories,Multiple pages,5,Yes,Often,Changed my mind or no longer need the item,Never,Yes,Occasionally,Sometimes,5,Yes,3,1,Competitive prices,User interface of app,102037
2023/06/08 5:40:49 PM GMT+5:30,11,Others,Less than once a month,Groceries and Gourmet Food;Clothing and Fashion,Sometimes,Rarely,Filter,Multiple pages,1,Yes,Often,Changed my mind or no longer need the item,Never,Yes,Moderately,No,5,Sometimes,5,1,Product recommendations,Quality of product is very poor according to the big offers,259419
2023/06/09 9:35:57 AM GMT+5:30,17,Others,Less than once a month,Beauty and Personal Care;Clothing and Fashion;others,Yes,Few times a week,others,Multiple pages,3,Maybe,Often,High shipping costs,Always,Yes,Heavily,No,3,No,1,4,Quick delivery,Product quality and accuracy,839328
2023/06/11 10:50:44 PM GMT+5:30,15,Female,Once a week,Home and Kitchen,No,Few times a week,Keyword,First page,5,Yes,Rarely,High shipping costs,Always,Yes,Rarely,Yes,2,Sometimes,3,5,Product recommendations,I have no problem with Amazon yet. But others tell me about the refund issues ,825711
2023/06/12 2:51:24 PM GMT+5:30,22,Others,Once a week,Groceries and Gourmet Food;Clothing and Fashion;others,Yes,Few times a week,Filter,First page,3,No,Rarely,Found a better price elsewhere,Never,Yes,Moderately,No,2,No,5,2,Wide product selection,Reducing packaging waste,122857
2023/06/07 1:00:09 PM GMT+5:30,9,Female,Few times a month,Groceries and Gourmet Food;Beauty and Personal Care;Home and Kitchen,No,Few times a month,categories,Multiple pages,4,Yes,Often,Changed my mind or no longer need the item,Often,No,Occasionally,Sometimes,1,Sometimes,5,2,Product recommendations,Product quality and accuracy,946936
2023/06/05 10:07:31 PM GMT+5:30,36,Female,Once a week,Beauty and Personal Care,Sometimes,Rarely,nan,Multiple pages,2,No,Always,High shipping costs,Often,No,Moderately,Yes,3,Sometimes,2,5,User-friendly website/app interface,User interface ,143246
2023/06/08 6:01:33 PM GMT+5:30,40,Others,Multiple times a week,Groceries and Gourmet Food;Beauty and Personal Care;Clothing and Fashion;others,Sometimes,Multiple times a day,others,First page,1,Yes,Never,Found a better price elsewhere,Sometimes,Yes,Heavily,No,1,Sometimes,4,1,.,Shipping speed and reliability,968233
2023/06/04 11:09:27 PM GMT+5:30,59,Prefer not to say,Once a month,Groceries and Gourmet Food;Beauty and Personal Care;Clothing and Fashion,No,Multiple times a day,Filter,First page,5,Yes,Never,others,Sometimes,No,Heavily,Sometimes,5,Yes,5,4,User-friendly website/app interface,.,101048
2023/06/08 5:48:14 PM GMT+5:30,61,Prefer not to say,Once a week,Groceries and Gourmet Food,Yes,Few times a month,others,First page,4,Maybe,Often,others,Sometimes,No,Occasionally,Sometimes,5,Sometimes,3,5,User-friendly website/app interface,User interface ,670951
2023/06/07 11:07:55 PM GMT+5:30,61,Female,Less than once a month,others,No,Multiple times a day,Filter,First page,5,No,Sometimes,Found a better price elsewhere,Rarely,No,Heavily,Yes,5,Sometimes,1,3,Competitive prices,Shipping speed and reliability,981963
2023/06/07 12:44:27 PM GMT+5:30,19,Female,Few times a month,Home and Kitchen,No,Rarely,Keyword,First page,2,Maybe,Always,High shipping costs,Sometimes,No,Never,Yes,1,Yes,5,4,Customer service ,Nothing,213864
2023/06/11 10:48:27 PM GMT+5:30,56,Male,Multiple times a week,Beauty and Personal Care;Home and Kitchen,Yes,Few times a week,Filter,Multiple pages,3,No,Always,others,Always,No,Heavily,No,3,No,3,2,Customer service ,Reducing packaging waste,538321
2023/06/12 2:41:58 PM GMT+5:30,32,Others,Less than once a month,Beauty and Personal Care;Home and Kitchen;others,No,Rarely,Filter,First page,4,Yes,Rarely,Changed my mind or no longer need the item,Sometimes,No,Occasionally,Yes,2,No,5,3,All the above,UI,803640
2023/06/05 8:52:01 PM GMT+5:30,57,Others,Few times a month,Groceries and Gourmet Food;Beauty and Personal Care;Clothing and Fashion;Home and Kitchen;others,No,Rarely,categories,Multiple pages,5,Yes,Rarely,High shipping costs,Sometimes,No,Heavily,Yes,4,Sometimes,5,2,.,Add more familiar brands to the list,663139
2023/06/11 11:02:11 PM GMT+5:30,9,Male,Multiple times a week,Groceries and Gourmet Food;Clothing and Fashion,No,Few times a week,nan,Multiple pages,1,Maybe,Often,Changed my mind or no longer need the item,Sometimes,Yes,Heavily,Yes,4,Yes,4,2,.,Nil,579429
2023/06/04 9:40:54 PM GMT+5:30,17,Prefer not to say,Once a week,Groceries and Gourmet Food;Clothing and Fashion;Home and Kitchen,Yes,Few times a week,nan,First page,2,Maybe,Never,Changed my mind or no longer need the item,Always,No,Moderately,No,3,No,2,5,Customer service ,Shipping speed and reliability,839445
2023/06/08 5:33:01 PM GMT+5:30,21,Prefer not to say,Once a week,Clothing and Fashion;Home and Kitchen,No,Few times a month,categories,First page,3,Maybe,Always,others,Sometimes,No,Never,No,5,Sometimes,3,2,Wide product selection,Scrolling option would be much better than going to next page,251779
2023/06/11 11:04:17 PM GMT+5:30,16,Others,Less than once a month,Beauty and Personal Care;Clothing and Fashion;others,Yes,Few times a month,Filter,Multiple pages,5,No,Sometimes,Found a better price elsewhere,Rarely,No,Occasionally,Yes,2,Sometimes,5,2,Customer service,.,972189
2023/06/08 5:59:20 PM GMT+5:30,37,Prefer not to say,Once a week,Beauty and Personal Care;others,No,Few times a week,Filter,First page,4,No,Never,Changed my mind or no longer need the item,Rarely,Yes,Heavily,No,5,Yes,5,4,Customer service,User interface ,810860
2023/06/05 10:05:25 PM GMT+5:30,24,Male,Multiple times a week,Groceries and Gourmet Food;Beauty and Personal Care,No,Few times a week,nan,Multiple pages,5,Yes,Never,Found a better price elsewhere,Never,No,Never,Sometimes,5,No,2,4,Competitive prices,Shipping speed and reliability,381359
2023/06/08 10:40:33 PM GMT+5:30,12,Female,Multiple times a week,Beauty and Personal Care;others,No,Few times a week,Keyword,First page,1,No,Rarely,Changed my mind or no longer need the item,Sometimes,Yes,Heavily,Sometimes,5,Sometimes,2,3,Competitive prices,Customer service responsiveness,437827
2023/06/09 2:42:24 PM GMT+5:30,3,Prefer not to say,Multiple times a week,Beauty and Personal Care;Clothing and Fashion;Home and Kitchen,Yes,Multiple times a day,Keyword,Multiple pages,3,Yes,Always,Found a better price elsewhere,Rarely,Yes,Never,No,3,Sometimes,1,5,Quick delivery,Nil,661529
2023/06/09 2:42:57 PM GMT+5:30,30,Prefer not to say,Multiple times a week,Groceries and Gourmet Food;Beauty and Personal Care,No,Rarely,Keyword,Multiple pages,1,No,Never,High shipping costs,Always,Yes,Moderately,No,3,Yes,3,1,Competitive prices,UI,968356
2023/06/05 10:05:25 PM GMT+5:30,54,Others,Less than once a month,Groceries and Gourmet Food;Beauty and Personal Care;Home and Kitchen,Yes,Few times a week,others,Multiple pages,5,No,Never,others,Often,No,Heavily,No,3,Yes,3,5,Competitive prices,better app interface and lower shipping charges,963758
2023/06/06 6:42:00 PM GMT+5:30,59,Prefer not to say,Once a month,Groceries and Gourmet Food;Clothing and Fashion;Home and Kitchen,Yes,Few times a week,nan,First page,2,No,Never,Changed my mind or no longer need the item,Rarely,Yes,Heavily,Sometimes,4,Yes,5,5,Wide product selection,better app interface and lower shipping charges,975793
2023/06/06 6:41:11 PM GMT+5:30,12,Prefer not to say,Multiple times a week,others,No,Few times a month,nan,First page,2,Maybe,Sometimes,Found a better price elsewhere,Never,No,Rarely,Sometimes,3,Yes,3,5,Customer service ,User interface ,881023
2023/06/08 5:29:01 PM GMT+5:30,54,Others,Less than once a month,Clothing and Fashion;Home and Kitchen,Yes,Few times a week,Filter,First page,3,Yes,Often,Changed my mind or no longer need the item,Never,Yes,Occasionally,No,3,Yes,2,4,Competitive prices,Scrolling option would be much better than going to next page,312986
2023/06/07 1:49:06 PM GMT+5:30,3,Female,Less than once a month,others,No,Rarely,Filter,First page,1,Maybe,Sometimes,High shipping costs,Rarely,No,Rarely,No,3,Yes,1,4,Product recommendations,I have no problem with Amazon yet. But others tell me about the refund issues ,775400
2023/06/07 12:29:31 PM GMT+5:30,20,Others,Less than once a month,Groceries and Gourmet Food;Beauty and Personal Care;Clothing and Fashion,Yes,Rarely,Keyword,First page,2,No,Often,Found a better price elsewhere,Often,No,Moderately,Yes,2,Sometimes,4,4,User-friendly website/app interface,Shipping speed and reliability,128684
2023/06/09 10:30:39 AM GMT+5:30,9,Prefer not to say,Few times a month,Groceries and Gourmet Food;Clothing and Fashion;others,No,Few times a week,Keyword,First page,2,Maybe,Sometimes,High shipping costs,Sometimes,No,Rarely,Yes,2,Yes,4,1,All the above,Shipping speed and reliability,475813
2023/06/08 5:52:44 PM GMT+5:30,47,Female,Few times a month,Groceries and Gourmet Food;Beauty and Personal Care,Sometimes,Few times a week,Filter,Multiple pages,4,Maybe,Sometimes,Found a better price elsewhere,Sometimes,Yes,Moderately,Sometimes,3,No,4,5,Customer service ,I don't have any problem with Amazon,193601
2023/06/11 9:15:38 PM GMT+5:30,66,Others,Once a week,Groceries and Gourmet Food;Beauty and Personal Care;Clothing and Fashion;Home and Kitchen,Yes,Rarely,Keyword,First page,5,No,Often,Changed my mind or no longer need the item,Rarely,Yes,Rarely,Yes,4,No,2,1,All the above,Nothing,336797
2023/06/06 2:07:12 PM GMT+5:30,5,Others,Once a week,Clothing and Fashion,Sometimes,Multiple times a day,categories,First page,5,Yes,Often,Changed my mind or no longer need the item,Always,No,Rarely,Yes,5,No,5,4,Wide product selection,Irrelevant product suggestions,139254
2023/06/05 9:56:58 AM GMT+5:30,46,Prefer not to say,Once a month,Groceries and Gourmet Food,Sometimes,Few times a month,others,First page,5,Yes,Often,others,Sometimes,Yes,Rarely,Sometimes,2,Sometimes,5,5,Quick delivery,Add more familiar brands to the list,381224
2023/06/08 3:26:38 AM GMT+5:30,20,Female,Once a month,Groceries and Gourmet Food;Beauty and Personal Care;Clothing and Fashion,Sometimes,Rarely,nan,Multiple pages,2,Yes,Rarely,Changed my mind or no longer need the item,Often,No,Moderately,No,3,No,3,2,Quick delivery,UI,669009
2023/06/07 11:07:55 PM GMT+5:30,13,Prefer not to say,Once a week,Groceries and Gourmet Food;Beauty and Personal Care;Clothing and Fashion;Home and Kitchen;others,Sometimes,Rarely,Filter,Multiple pages,3,Maybe,Never,High shipping costs,Always,Yes,Heavily,Sometimes,2,Yes,5,5,.,Scrolling option would be much better than going to next page,104844
2023/06/09 2:41:53 PM GMT+5:30,67,Female,Less than once a month,Home and Kitchen;others,Sometimes,Few times a month,Keyword,First page,2,No,Never,High shipping costs,Rarely,No,Moderately,Yes,3,No,3,5,Customer service,Scrolling option would be much better than going to next page,270823
2023/06/12 3:51:31 PM GMT+5:30,18,Others,Once a week,Beauty and Personal Care;Clothing and Fashion,No,Rarely,nan,Multiple pages,2,Yes,Always,High shipping costs,Rarely,Yes,Never,Sometimes,3,Sometimes,2,2,Quick delivery,Nothing,316046
2023/06/09 10:28:23 AM GMT+5:30,45,Prefer not to say,Once a week,Home and Kitchen,Sometimes,Rarely,categories,First page,5,No,Always,Changed my mind or no longer need the item,Often,Yes,Occasionally,Yes,1,Sometimes,3,1,User-friendly website/app interface,Nil,318560
2023/06/04 7:33:12 PM GMT+5:30,5,Others,Less than once a month,Groceries and Gourmet Food;Clothing and Fashion;Home and Kitchen,Yes,Few times a week,others,Multiple pages,4,Maybe,Always,others,Never,No,Rarely,No,1,Yes,5,5,Competitive prices,Nothing,369283
2023/06/06 1:06:16 PM GMT+5:30,41,Prefer not to say,Once a week,Groceries and Gourmet Food;Beauty and Personal Care;Clothing and Fashion;Home and Kitchen,Sometimes,Few times a week,Filter,First page,4,No,Always,High shipping costs,Often,No,Never,Yes,2,Sometimes,5,2,Customer service,Add more familiar brands to the list,312573
2023/06/09 9:35:19 AM GMT+5:30,47,Others,Less than once a month,Home and Kitchen;others,Yes,Few times a month,Filter,Multiple pages,3,No,Often,High shipping costs,Sometimes,Yes,Occasionally,Yes,1,Sometimes,5,3,Wide product selection,UI,923778
2023/06/06 8:08:19 PM GMT+5:30,41,Female,Once a week,Beauty and Personal Care;Clothing and Fashion;others,Sometimes,Few times a week,others,First page,4,Maybe,Never,High shipping costs,Rarely,Yes,Moderately,Sometimes,2,No,4,5,User-friendly website/app interface,Nil,876333
2023/06/08 5:35:25 PM GMT+5:30,19,Others,Multiple times a week,Groceries and Gourmet Food;Beauty and Personal Care;Clothing and Fashion,No,Few times a month,nan,Multiple pages,4,Maybe,Always,Changed my mind or no longer need the item,Sometimes,Yes,Heavily,No,1,Yes,5,2,Customer service,Add more familiar brands to the list,915912
2023/06/06 11:49:21 AM GMT+5:30,30,Female,Once a month,Clothing and Fashion;others,Sometimes,Multiple times a day,categories,First page,1,Maybe,Rarely,Changed my mind or no longer need the item,Often,No,Never,No,4,No,5,2,.,Nil,191162
2023/06/07 9:28:09 AM GMT+5:30,52,Male,Few times a month,Groceries and Gourmet Food;Clothing and Fashion;others,Sometimes,Few times a week,nan,Multiple pages,4,Maybe,Always,High shipping costs,Never,No,Heavily,No,1,Yes,5,5,Competitive prices,No problems with Amazon,146769
2023/06/06 7:46:27 PM GMT+5:30,59,Prefer not to say,Multiple times a week,Beauty and Personal Care;Clothing and Fashion;Home and Kitchen,Yes,Rarely,Keyword,First page,2,No,Rarely,others,Sometimes,Yes,Heavily,Yes,5,Yes,3,2,User-friendly website/app interface,UI,542092
2023/06/04 9:40:54 PM GMT+5:30,20,Others,Few times a month,Groceries and Gourmet Food;Beauty and Personal Care;Clothing and Fashion;Home and Kitchen;others,Yes,Few times a month,others,First page,1,Maybe,Never,others,Always,Yes,Never,No,3,Sometimes,5,5,All the above,User interface of app,579786
2023/06/07 12:13:39 PM GMT+5:30,28,Male,Once a month,Groceries and Gourmet Food;Beauty and Personal Care;Clothing and Fashion,No,Few times a month,categories,Multiple pages,5,Maybe,Often,High shipping costs,Often,Yes,Moderately,Sometimes,5,No,5,2,Quick delivery,Product quality and accuracy,995122
2023/06/06 10:17:06 AM GMT+5:30,20,Male,Few times a month,Beauty and Personal Care,No,Multiple times a day,others,First page,2,No,Sometimes,Found a better price elsewhere,Often,Yes,Occasionally,Yes,2,Sometimes,3,2,Customer service,Scrolling option would be much better than going to next page,715870
2023/06/06 6:40:27 PM GMT+5:30,44,Others,Multiple times a week,Beauty and Personal Care;Home and Kitchen,No,Rarely,categories,Multiple pages,1,Maybe,Always,Found a better price elsewhere,Never,Yes,Occasionally,No,3,Sometimes,5,5,Quick delivery,Shipping speed and reliability,311808
2023/06/09 10:25:27 AM GMT+5:30,20,Female,Few times a month,Groceries and Gourmet Food;Home and Kitchen;others,Sometimes,Few times a week,Filter,Multiple pages,5,No,Always,High shipping costs,Often,Yes,Moderately,Yes,1,No,5,1,Wide product selection,.,657563
2023/06/07 6:20:00 PM GMT+5:30,12,Female,Once a month,Groceries and Gourmet Food;Beauty and Personal Care;Home and Kitchen,No,Multiple times a day,Filter,First page,3,Maybe,Sometimes,Found a better price elsewhere,Often,No,Occasionally,Yes,5,No,2,4,Quick delivery,better app interface and lower shipping charges,458870
2023/06/08 5:33:01 PM GMT+5:30,18,Male,Multiple times a week,Beauty and Personal Care;Clothing and Fashion;Home and Kitchen,Sometimes,Few times a week,nan,Multiple pages,3,Maybe,Always,Changed my mind or no longer need the item,Often,Yes,Moderately,Sometimes,2,Yes,1,2,User-friendly website/app interface,Reducing packaging waste,673160
2023/06/08 5:45:08 PM GMT+5:30,39,Others,Multiple times a week,Groceries and Gourmet Food;Home and Kitchen;others,Yes,Multiple times a day,categories,Multiple pages,4,Maybe,Never,others,Rarely,No,Never,Sometimes,3,No,4,5,Customer service,User interface of app,402160
2023/06/06 8:01:47 PM GMT+5:30,46,Male,Less than once a month,Beauty and Personal Care,Yes,Few times a month,nan,Multiple pages,4,Maybe,Always,Changed my mind or no longer need the item,Never,Yes,Never,No,5,Sometimes,1,1,Competitive prices,Nothing,519781
2023/06/12 3:40:25 PM GMT+5:30,67,Prefer not to say,Multiple times a week,Groceries and Gourmet Food;Beauty and Personal Care;Clothing and Fashion,No,Few times a month,categories,Multiple pages,5,No,Rarely,Found a better price elsewhere,Often,Yes,Occasionally,Yes,4,Sometimes,2,3,All the above,No problems with Amazon,954152
2023/06/12 3:51:31 PM GMT+5:30,31,Prefer not to say,Few times a month,Clothing and Fashion;others,No,Rarely,nan,First page,3,No,Rarely,Changed my mind or no longer need the item,Often,Yes,Rarely,No,1,No,4,4,Wide product selection,Customer service responsiveness,233798
2023/06/08 5:37:13 PM GMT+5:30,48,Female,Once a week,Groceries and Gourmet Food;Beauty and Personal Care;Clothing and Fashion;Home and Kitchen;others,Yes,Multiple times a day,others,Multiple pages,1,Maybe,Always,others,Sometimes,No,Rarely,Sometimes,1,No,5,5,Customer service,better app interface and lower shipping charges,123454
2023/06/04 10:13:28 PM GMT+5:30,12,Male,Multiple times a week,Beauty and Personal Care;others,No,Rarely,Keyword,Multiple pages,1,Yes,Never,others,Sometimes,Yes,Never,No,2,Sometimes,2,3,Customer service ,Nil,856646
2023/06/08 5:46:49 PM GMT+5:30,38,Male,Less than once a month,Groceries and Gourmet Food;Beauty and Personal Care;Clothing and Fashion;Home and Kitchen;others,No,Rarely,nan,First page,4,Yes,Often,Found a better price elsewhere,Rarely,Yes,Moderately,No,2,No,3,1,User-friendly website/app interface,Customer service responsiveness,173401
2023/06/07 9:21:50 PM GMT+5:30,52,Male,Less than once a month,Beauty and Personal Care;Home and Kitchen;others,Sometimes,Few times a month,Filter,First page,1,Yes,Often,others,Never,No,Occasionally,No,3,No,4,1,All the above,Shipping speed and reliability,812105
2023/06/04 9:10:51 PM GMT+5:30,64,Others,Less than once a month,Groceries and Gourmet Food;Home and Kitchen;others,Sometimes,Rarely,nan,First page,4,Maybe,Often,Changed my mind or no longer need the item,Sometimes,Yes,Moderately,Yes,1,Sometimes,2,2,User-friendly website/app interface,Add more familiar brands to the list,132480
2023/06/07 1:00:09 PM GMT+5:30,57,Male,Less than once a month,Beauty and Personal Care;Home and Kitchen,Sometimes,Few times a month,nan,First page,5,No,Never,Found a better price elsewhere,Always,Yes,Never,Yes,4,Yes,1,2,Product recommendations,Quality of product is very poor according to the big offers,144356
2023/06/07 4:10:33 PM GMT+5:30,47,Prefer not to say,Once a week,Groceries and Gourmet Food;Clothing and Fashion;Home and Kitchen,Sometimes,Rarely,others,First page,1,Maybe,Sometimes,Changed my mind or no longer need the item,Always,Yes,Never,Yes,4,Yes,4,1,Product recommendations,Customer service responsiveness,268443
2023/06/08 5:14:30 PM GMT+5:30,55,Female,Multiple times a week,others,Sometimes,Rarely,nan,Multiple pages,1,Yes,Always,others,Sometimes,Yes,Moderately,Sometimes,3,Sometimes,1,1,Wide product selection,.,806170
2023/06/07 11:08:52 PM GMT+5:30,62,Prefer not to say,Less than once a month,Groceries and Gourmet Food;Beauty and Personal Care;others,Yes,Few times a month,nan,Multiple pages,2,No,Often,High shipping costs,Often,No,Heavily,Sometimes,2,Sometimes,2,1,All the above,better app interface and lower shipping charges,149228
2023/06/08 10:39:59 PM GMT+5:30,12,Female,Multiple times a week,Groceries and Gourmet Food;Clothing and Fashion;Home and Kitchen,Yes,Few times a week,Keyword,First page,5,Yes,Never,others,Often,Yes,Occasionally,Sometimes,1,Sometimes,2,2,.,I have no problem with Amazon yet. But others tell me about the refund issues ,510252
2023/06/07 12:13:39 PM GMT+5:30,6,Prefer not to say,Multiple times a week,Groceries and Gourmet Food;Clothing and Fashion;others,No,Rarely,categories,First page,4,Yes,Sometimes,Changed my mind or no longer need the item,Never,Yes,Heavily,Sometimes,1,Yes,4,1,Quick delivery,Product quality and accuracy,895794
2023/06/12 3:59:59 PM GMT+5:30,61,Others,Once a week,Groceries and Gourmet Food;Home and Kitchen;others,Sometimes,Multiple times a day,categories,First page,3,Maybe,Never,Found a better price elsewhere,Sometimes,Yes,Never,Sometimes,1,Sometimes,3,5,Product recommendations,Product quality and accuracy,826693
2023/06/06 6:43:02 PM GMT+5:30,15,Prefer not to say,Multiple times a week,Groceries and Gourmet Food;Home and Kitchen,Yes,Rarely,categories,First page,4,Maybe,Sometimes,Changed my mind or no longer need the item,Always,Yes,Rarely,Yes,4,Sometimes,1,3,Customer service,Scrolling option would be much better than going to next page,936976
2023/06/08 5:20:43 PM GMT+5:30,27,Male,Once a month,Clothing and Fashion;Home and Kitchen;others,Sometimes,Multiple times a day,others,Multiple pages,4,Maybe,Never,Found a better price elsewhere,Rarely,No,Moderately,Sometimes,3,No,1,2,Quick delivery,Customer service responsiveness,562676
2023/06/09 4:32:00 PM GMT+5:30,7,Others,Less than once a month,Home and Kitchen;others,Yes,Multiple times a day,categories,Multiple pages,1,No,Always,Found a better price elsewhere,Always,Yes,Rarely,Yes,1,Sometimes,4,4,Product recommendations,I have no problem with Amazon yet. But others tell me about the refund issues ,560157
2023/06/11 11:10:14 PM GMT+5:30,11,Prefer not to say,Less than once a month,Groceries and Gourmet Food;Beauty and Personal Care;Clothing and Fashion;Home and Kitchen;others,Yes,Few times a week,categories,First page,1,Yes,Rarely,High shipping costs,Never,Yes,Heavily,Sometimes,3,Sometimes,4,2,Wide product selection,Customer service responsiveness,275290
2023/06/04 11:38:30 PM GMT+5:30,10,Others,Multiple times a week,Beauty and Personal Care;Clothing and Fashion;others,Yes,Few times a week,nan,Multiple pages,1,No,Rarely,High shipping costs,Sometimes,No,Heavily,Sometimes,3,No,2,5,Quick delivery,Nothing,874988
2023/06/09 2:44:09 PM GMT+5:30,59,Male,Once a week,Beauty and Personal Care;Clothing and Fashion;others,Sometimes,Few times a month,Keyword,First page,1,Maybe,Always,others,Sometimes,Yes,Moderately,Sometimes,3,Yes,2,3,Competitive prices,Reducing packaging waste,545528
2023/06/09 10:58:44 AM GMT+5:30,56,Male,Few times a month,Groceries and Gourmet Food;Clothing and Fashion,Sometimes,Few times a week,Keyword,Multiple pages,3,Maybe,Never,High shipping costs,Never,No,Rarely,Sometimes,3,Sometimes,3,4,Quick delivery,Customer service responsiveness,883872
2023/06/07 12:50:13 PM GMT+5:30,34,Female,Less than once a month,Groceries and Gourmet Food;Clothing and Fashion;Home and Kitchen;others,No,Rarely,Filter,First page,2,No,Sometimes,Changed my mind or no longer need the item,Never,Yes,Moderately,No,3,Yes,5,1,Customer service,Add more familiar brands to the list,167553
2023/06/04 1:28:19 PM GMT+5:30,67,Prefer not to say,Few times a month,others,Sometimes,Few times a week,categories,First page,2,Yes,Rarely,others,Always,No,Moderately,Yes,2,No,4,2,.,User interface of app,394699
2023/06/09 2:23:03 PM GMT+5:30,44,Prefer not to say,Once a week,Groceries and Gourmet Food;Clothing and Fashion;Home and Kitchen;others,No,Multiple times a day,categories,First page,3,No,Rarely,others,Often,Yes,Rarely,No,3,No,2,2,Product recommendations,UI,161125
2023/06/04 9:29:59 PM GMT+5:30,12,Male,Less than once a month,Clothing and Fashion,Sometimes,Rarely,Filter,Multiple pages,2,Yes,Rarely,others,Sometimes,Yes,Moderately,Sometimes,3,No,1,2,All the above,Reducing packaging waste,339684
2023/06/07 11:02:45 PM GMT+5:30,56,Male,Once a week,Beauty and Personal Care;Clothing and Fashion;Home and Kitchen;others,Yes,Few times a month,Keyword,Multiple pages,3,Yes,Never,Found a better price elsewhere,Rarely,No,Occasionally,Sometimes,1,Yes,5,4,Quick delivery,I have no problem with Amazon yet. But others tell me about the refund issues ,556876
2023/06/08 5:38:01 PM GMT+5:30,29,Female,Less than once a month,Groceries and Gourmet Food;Beauty and Personal Care;others,No,Rarely,categories,Multiple pages,1,Yes,Rarely,others,Sometimes,Yes,Occasionally,Yes,2,Sometimes,5,4,Competitive prices,User interface of app,182131
2023/06/11 10:44:01 PM GMT+5:30,23,Female,Once a week,Groceries and Gourmet Food;Home and Kitchen;others,Yes,Few times a week,nan,First page,3,No,Often,Found a better price elsewhere,Sometimes,Yes,Moderately,No,3,Sometimes,4,4,.,I don't have any problem with Amazon,911187
2023/06/12 3:33:53 PM GMT+5:30,36,Others,Once a month,Beauty and Personal Care;others,No,Few times a month,nan,First page,4,No,Never,others,Rarely,Yes,Never,Yes,3,Yes,3,3,All the above,Add more familiar brands to the list,583756
2023/06/07 9:53:52 PM GMT+5:30,43,Female,Multiple times a week,Groceries and Gourmet Food;Beauty and Personal Care;Clothing and Fashion;Home and Kitchen;others,Yes,Multiple times a day,categories,Multiple pages,4,Maybe,Sometimes,High shipping costs,Never,No,Never,Yes,4,Yes,5,5,Wide product selection,Scrolling option would be much better than going to next page,206009
2023/06/06 10:17:06 AM GMT+5:30,66,Others,Multiple times a week,Groceries and Gourmet Food;Home and Kitchen,Sometimes,Few times a week,nan,First page,1,Yes,Never,High shipping costs,Sometimes,No,Occasionally,No,3,No,2,3,Wide product selection,UI,548105
2023/06/12 2:41:06 PM GMT+5:30,65,Female,Less than once a month,Clothing and Fashion;others,Yes,Rarely,Filter,Multiple pages,2,Yes,Often,Found a better price elsewhere,Always,No,Rarely,Yes,4,Sometimes,4,1,Customer service,User interface ,431522
2023/06/06 6:36:16 PM GMT+5:30,18,Others,Few times a month,Groceries and Gourmet Food;Clothing and Fashion;Home and Kitchen,No,Multiple times a day,nan,First page,4,Maybe,Sometimes,Found a better price elsewhere,Sometimes,Yes,Moderately,Yes,4,No,4,5,User-friendly website/app interface,Quality of product is very poor according to the big offers,821547
2023/06/09 2:40:21 PM GMT+5:30,10,Male,Few times a month,Groceries and Gourmet Food;Clothing and Fashion;others,Sometimes,Rarely,Filter,First page,4,Maybe,Rarely,Changed my mind or no longer need the item,Often,Yes,Rarely,No,4,Yes,5,2,Wide product selection,User interface of app,829848
2023/06/07 11:44:55 AM GMT+5:30,67,Others,Once a month,Groceries and Gourmet Food;Beauty and Personal Care;others,Sometimes,Multiple times a day,categories,Multiple pages,1,Maybe,Sometimes,Found a better price elsewhere,Often,Yes,Heavily,Sometimes,4,No,3,2,Quick delivery,better app interface and lower shipping charges,901427
2023/06/12 3:33:53 PM GMT+5:30,57,Male,Few times a month,Groceries and Gourmet Food;Clothing and Fashion;Home and Kitchen;others,Sometimes,Few times a month,nan,First page,5,Maybe,Rarely,High shipping costs,Often,No,Occasionally,Yes,3,No,1,5,Customer service ,Shipping speed and reliability,351126
2023/06/06 7:10:55 PM GMT+5:30,8,Female,Once a week,Home and Kitchen;others,Sometimes,Rarely,Keyword,First page,2,Maybe,Never,others,Rarely,Yes,Moderately,Sometimes,4,Sometimes,5,1,.,Quality of product is very poor according to the big offers,444128
2023/06/09 2:35:29 PM GMT+5:30,65,Female,Once a month,Groceries and Gourmet Food;Beauty and Personal Care;others,No,Few times a month,categories,Multiple pages,2,Yes,Never,others,Sometimes,Yes,Moderately,No,1,No,3,4,.,Product quality and accuracy,631412
2023/06/05 1:27:08 PM GMT+5:30,52,Male,Less than once a month,Groceries and Gourmet Food;Clothing and Fashion,Yes,Multiple times a day,others,Multiple pages,3,Yes,Rarely,High shipping costs,Often,No,Never,Sometimes,1,Sometimes,5,4,All the above,Quality of product is very poor according to the big offers,597707
2023/06/05 8:52:01 PM GMT+5:30,51,Female,Once a month,Beauty and Personal Care;Clothing and Fashion;Home and Kitchen,Sometimes,Rarely,others,First page,1,Maybe,Often,High shipping costs,Rarely,Yes,Heavily,Sometimes,3,Yes,4,2,Product recommendations,I have no problem with Amazon yet. But others tell me about the refund issues ,441165
2023/06/07 9:54:56 PM GMT+5:30,64,Prefer not to say,Few times a month,Groceries and Gourmet Food;Clothing and Fashion;others,No,Multiple times a day,others,Multiple pages,2,Yes,Always,others,Rarely,Yes,Occasionally,Yes,4,Sometimes,4,3,Customer service ,Scrolling option would be much better than going to next page,482299
2023/06/08 5:54:05 PM GMT+5:30,7,Female,Few times a month,Clothing and Fashion;Home and Kitchen,No,Multiple times a day,Filter,Multiple pages,3,Yes,Always,Found a better price elsewhere,Never,Yes,Never,Sometimes,1,Yes,5,5,Quick delivery,Quality of product is very poor according to the big offers,490966
2023/06/08 6:00:06 PM GMT+5:30,4,Male,Once a week,Groceries and Gourmet Food,No,Few times a week,others,Multiple pages,5,No,Never,Changed my mind or no longer need the item,Sometimes,Yes,Occasionally,Sometimes,4,Sometimes,2,5,User-friendly website/app interface,Add more familiar brands to the list,805017
2023/06/07 10:39:21 PM GMT+5:30,54,Others,Less than once a month,Clothing and Fashion;others,Yes,Few times a month,Keyword,Multiple pages,1,Maybe,Always,Found a better price elsewhere,Often,No,Occasionally,Yes,5,No,1,1,All the above,Irrelevant product suggestions,701068
2023/06/09 2:23:45 PM GMT+5:30,52,Prefer not to say,Once a week,Groceries and Gourmet Food;Beauty and Personal Care;Clothing and Fashion,Sometimes,Rarely,Keyword,First page,4,Yes,Often,High shipping costs,Sometimes,Yes,Moderately,Sometimes,5,Yes,2,5,Wide product selection,Scrolling option would be much better than going to next page,974129
2023/06/08 5:37:13 PM GMT+5:30,59,Male,Less than once a month,Beauty and Personal Care;Clothing and Fashion,Yes,Rarely,others,Multiple pages,4,Yes,Never,Changed my mind or no longer need the item,Sometimes,Yes,Rarely,Yes,3,No,4,3,Customer service,.,187549
2023/06/09 2:35:29 PM GMT+5:30,57,Female,Few times a month,Groceries and Gourmet Food;Clothing and Fashion;Home and Kitchen;others,Yes,Few times a month,others,Multiple pages,1,Maybe,Always,others,Often,Yes,Moderately,No,4,No,2,2,User-friendly website/app interface,Customer service responsiveness,903258
2023/06/07 10:41:10 PM GMT+5:30,8,Male,Less than once a month,Groceries and Gourmet Food;Beauty and Personal Care,Yes,Few times a week,others,Multiple pages,3,Yes,Never,High shipping costs,Sometimes,Yes,Never,No,5,Yes,3,5,All the above,Quality of product is very poor according to the big offers,778779
2023/06/04 10:24:47 PM GMT+5:30,15,Female,Once a week,Clothing and Fashion;Home and Kitchen,No,Few times a week,nan,First page,5,Yes,Never,Changed my mind or no longer need the item,Rarely,Yes,Moderately,Sometimes,3,No,4,3,Customer service ,I don't have any problem with Amazon,192582
2023/06/05 10:07:31 PM GMT+5:30,18,Others,Once a week,Groceries and Gourmet Food;Home and Kitchen,No,Few times a month,nan,Multiple pages,4,Yes,Sometimes,Changed my mind or no longer need the item,Always,No,Heavily,Sometimes,3,Yes,2,5,.,Product quality and accuracy,531351
2023/06/08 5:27:22 PM GMT+5:30,49,Others,Few times a month,Groceries and Gourmet Food;Beauty and Personal Care,Yes,Few times a month,others,First page,3,Yes,Always,High shipping costs,Rarely,Yes,Moderately,Yes,1,Sometimes,1,5,Competitive prices,User interface of app,817454
2023/06/07 2:19:05 PM GMT+5:30,17,Prefer not to say,Less than once a month,Clothing and Fashion;Home and Kitchen,Sometimes,Rarely,others,First page,5,Yes,Always,High shipping costs,Often,No,Occasionally,No,1,Sometimes,3,5,Customer service,I have no problem with Amazon yet. But others tell me about the refund issues ,606318
2023/06/11 11:17:41 PM GMT+5:30,14,Prefer not to say,Once a month,Groceries and Gourmet Food;Clothing and Fashion,Yes,Few times a week,others,First page,1,No,Always,others,Always,Yes,Occasionally,Sometimes,4,Yes,5,2,Product recommendations,Product quality and accuracy,701575
2023/06/06 9:45:55 AM GMT+5:30,24,Male,Once a week,Beauty and Personal Care;Clothing and Fashion;others,No,Multiple times a day,nan,First page,5,Maybe,Never,others,Often,Yes,Rarely,No,3,No,4,1,.,Product quality and accuracy,419187
2023/06/08 3:26:03 AM GMT+5:30,16,Female,Once a month,Home and Kitchen;others,No,Rarely,nan,Multiple pages,5,No,Sometimes,others,Sometimes,No,Heavily,No,3,Sometimes,5,5,Quick delivery,.,476408
2023/06/06 6:40:30 PM GMT+5:30,22,Male,Once a week,Beauty and Personal Care;Home and Kitchen;others,Yes,Multiple times a day,Keyword,First page,5,Yes,Always,High shipping costs,Sometimes,No,Heavily,No,3,Yes,2,3,Wide product selection,UI,751458
2023/06/11 10:52:47 PM GMT+5:30,40,Prefer not to say,Once a month,Beauty and Personal Care;Home and Kitchen;others,Yes,Multiple times a day,categories,First page,2,No,Often,High shipping costs,Never,No,Never,No,5,Sometimes,3,3,User-friendly website/app interface,Scrolling option would be much better than going to next page,687432
2023/06/06 8:46:03 AM GMT+5:30,31,Female,Once a month,Groceries and Gourmet Food,Yes,Few times a week,nan,First page,3,Maybe,Never,High shipping costs,Rarely,No,Never,Yes,3,Yes,5,4,Quick delivery,Nothing,540395
2023/06/09 10:23:45 AM GMT+5:30,21,Male,Few times a month,Groceries and Gourmet Food;Beauty and Personal Care;Home and Kitchen,No,Multiple times a day,Keyword,First page,3,Maybe,Never,Found a better price elsewhere,Rarely,Yes,Never,Sometimes,1,Sometimes,4,5,Quick delivery,No problems with Amazon,689833
2023/06/06 7:46:27 PM GMT+5:30,13,Others,Few times a month,Groceries and Gourmet Food;Beauty and Personal Care;Clothing and Fashion;Home and Kitchen;others,Sometimes,Few times a week,others,First page,3,Yes,Often,Changed my mind or no longer need the item,Often,Yes,Moderately,No,5,Yes,1,5,Competitive prices,Nil,575801
2023/06/05 1:10:59 PM GMT+5:30,56,Male,Once a week,Groceries and Gourmet Food;Home and Kitchen;others,Sometimes,Few times a week,Keyword,First page,4,No,Often,others,Always,Yes,Moderately,Yes,2,No,2,3,Customer service,Irrelevant product suggestions,306625
2023/06/07 3:58:52 PM GMT+5:30,46,Female,Few times a month,Groceries and Gourmet Food;Beauty and Personal Care;Home and Kitchen,Sometimes,Few times a month,Filter,First page,4,Maybe,Rarely,High shipping costs,Often,No,Moderately,No,3,Yes,4,3,Quick delivery,Shipping speed and reliability,107272
2023/06/08 5:35:01 PM GMT+5:30,59,Male,Once a week,Groceries and Gourmet Food;Clothing and Fashion;others,No,Rarely,others,First page,3,Yes,Never,Found a better price elsewhere,Often,Yes,Never,Yes,1,No,1,5,All the above,.,946302
2023/06/07 9:35:23 PM GMT+5:30,34,Female,Few times a month,Groceries and Gourmet Food;Beauty and Personal Care;Home and Kitchen,Sometimes,Multiple times a day,others,First page,2,Yes,Often,High shipping costs,Rarely,No,Occasionally,Sometimes,4,Sometimes,3,1,Product recommendations,Irrelevant product suggestions,612691
2023/06/08 5:47:32 PM GMT+5:30,26,Prefer not to say,Once a week,Groceries and Gourmet Food;Beauty and Personal Care;Home and Kitchen,Yes,Rarely,categories,Multiple pages,3,Yes,Often,High shipping costs,Sometimes,Yes,Moderately,Sometimes,2,Sometimes,5,3,Customer service ,.,587606
2023/06/04 9:40:54 PM GMT+5:30,24,Others,Less than once a month,others,No,Few times a month,Keyword,First page,5,No,Often,Changed my mind or no longer need the item,Rarely,No,Heavily,Yes,4,Sometimes,2,5,User-friendly website/app interface,Scrolling option would be much better than going to next page,569763
2023/06/08 10:39:59 PM GMT+5:30,57,Female,Less than once a month,Groceries and Gourmet Food;Clothing and Fashion;Home and Kitchen;others,Yes,Few times a week,nan,First page,5,Maybe,Always,Found a better price elsewhere,Often,No,Moderately,Yes,4,No,2,1,.,Nothing,867321
2023/06/09 7:24:57 PM GMT+5:30,13,Prefer not to say,Few times a month,Groceries and Gourmet Food;Beauty and Personal Care,Sometimes,Rarely,categories,Multiple pages,1,Yes,Never,High shipping costs,Often,No,Moderately,Sometimes,5,Sometimes,5,1,Wide product selection,Shipping speed and reliability,978469
2023/06/11 11:03:34 PM GMT+5:30,33,Male,Few times a month,Clothing and Fashion,Yes,Few times a week,Keyword,Multiple pages,5,Yes,Always,Changed my mind or no longer need the item,Sometimes,Yes,Never,No,4,No,3,5,Competitive prices,I don't have any problem with Amazon,331287
2023/06/07 10:41:10 PM GMT+5:30,60,Prefer not to say,Once a month,Beauty and Personal Care;others,No,Few times a week,Keyword,First page,2,Yes,Sometimes,Changed my mind or no longer need the item,Sometimes,Yes,Occasionally,No,2,Yes,5,1,Customer service ,.,977729
2023/06/08 2:21:41 PM GMT+5:30,58,Female,Once a month,Groceries and Gourmet Food;Clothing and Fashion;Home and Kitchen;others,Sometimes,Multiple times a day,categories,First page,2,Yes,Rarely,others,Rarely,No,Occasionally,Sometimes,5,Yes,4,4,Customer service ,Customer service responsiveness,766555
2023/06/11 11:02:55 PM GMT+5:30,11,Male,Once a month,Groceries and Gourmet Food;Beauty and Personal Care;Clothing and Fashion;others,Yes,Rarely,nan,First page,2,No,Often,Changed my mind or no longer need the item,Always,No,Heavily,Sometimes,2,No,2,4,Wide product selection,User interface of app,796199
2023/06/07 9:19:23 AM GMT+5:30,44,Others,Once a month,Beauty and Personal Care,Yes,Few times a week,categories,Multiple pages,4,Yes,Always,Changed my mind or no longer need the item,Often,Yes,Heavily,Yes,4,No,2,5,All the above,I don't have any problem with Amazon,373877
2023/06/07 2:22:14 PM GMT+5:30,4,Others,Once a month,Groceries and Gourmet Food;Clothing and Fashion,No,Few times a month,Keyword,Multiple pages,3,Yes,Often,High shipping costs,Often,Yes,Rarely,Yes,3,Sometimes,4,2,All the above,No problems with Amazon,295823
2023/06/05 9:58:17 PM GMT+5:30,7,Prefer not to say,Multiple times a week,Groceries and Gourmet Food;Beauty and Personal Care;Clothing and Fashion,No,Multiple times a day,others,First page,2,Maybe,Always,High shipping costs,Often,No,Rarely,Yes,3,No,4,4,Competitive prices,better app interface and lower shipping charges,538480
2023/06/07 9:20:34 AM GMT+5:30,48,Female,Once a week,Home and Kitchen,No,Few times a month,Filter,Multiple pages,5,Maybe,Rarely,Found a better price elsewhere,Rarely,Yes,Heavily,No,2,No,2,3,Customer service,No problems with Amazon,921458
2023/06/05 12:39:14 AM GMT+5:30,64,Male,Once a week,Beauty and Personal Care;Home and Kitchen,Yes,Few times a month,categories,Multiple pages,5,No,Rarely,Found a better price elsewhere,Often,Yes,Rarely,Yes,1,Yes,1,4,Quick delivery,better app interface and lower shipping charges,637464
2023/06/08 5:30:34 PM GMT+5:30,36,Others,Once a month,others,No,Few times a month,nan,Multiple pages,4,No,Sometimes,High shipping costs,Often,Yes,Moderately,Sometimes,1,No,4,5,Competitive prices,Scrolling option would be much better than going to next page,796247
2023/06/07 9:19:23 AM GMT+5:30,56,Female,Once a week,Beauty and Personal Care;Clothing and Fashion;others,Yes,Few times a month,nan,First page,4,Maybe,Rarely,Changed my mind or no longer need the item,Never,No,Heavily,No,3,No,3,1,User-friendly website/app interface,.,715267
2023/06/08 3:24:37 AM GMT+5:30,26,Male,Few times a month,Clothing and Fashion;Home and Kitchen;others,Sometimes,Rarely,nan,Multiple pages,2,Maybe,Rarely,High shipping costs,Sometimes,No,Never,Yes,3,No,1,3,.,Nil,840786
2023/06/07 9:24:31 AM GMT+5:30,46,Male,Once a month,Groceries and Gourmet Food;Beauty and Personal Care;Clothing and Fashion;Home and Kitchen;others,Yes,Multiple times a day,categories,Multiple pages,5,Yes,Always,Found a better price elsewhere,Sometimes,No,Heavily,Sometimes,5,No,2,5,All the above,UI,170949
2023/06/08 5:33:12 PM GMT+5:30,42,Female,Few times a month,Groceries and Gourmet Food;Beauty and Personal Care;Clothing and Fashion;others,Sometimes,Few times a week,Filter,Multiple pages,1,Maybe,Always,others,Always,No,Rarely,Yes,3,No,1,4,Customer service,Add more familiar brands to the list,227868
2023/06/08 10:21:20 PM GMT+5:30,24,Female,Multiple times a week,Home and Kitchen,Sometimes,Few times a month,Keyword,First page,2,No,Rarely,Changed my mind or no longer need the item,Often,Yes,Heavily,No,1,Yes,4,4,Quick delivery,Reducing packaging waste,647285
2023/06/09 2:36:09 PM GMT+5:30,61,Prefer not to say,Few times a month,Groceries and Gourmet Food;Beauty and Personal Care;Home and Kitchen,Yes,Rarely,categories,Multiple pages,4,No,Always,High shipping costs,Always,Yes,Moderately,Sometimes,2,No,4,2,Competitive prices,I have no problem with Amazon yet. But others tell me about the refund issues ,501368
2023/06/11 10:54:33 PM GMT+5:30,10,Others,Multiple times a week,Beauty and Personal Care;Home and Kitchen;others,No,Few times a week,categories,Multiple pages,5,Yes,Always,others,Rarely,No,Never,Yes,1,Sometimes,2,5,Customer service ,UI,342471
2023/06/07 1:04:07 PM GMT+5:30,62,Prefer not to say,Once a week,Groceries and Gourmet Food;Home and Kitchen,No,Rarely,categories,First page,4,Maybe,Never,High shipping costs,Often,Yes,Never,No,5,No,5,1,Product recommendations,I have no problem with Amazon yet. But others tell me about the refund issues ,367209
2023/06/07 2:19:05 PM GMT+5:30,18,Prefer not to say,Once a week,Beauty and Personal Care,Sometimes,Rarely,nan,First page,3,Maybe,Often,High shipping costs,Rarely,Yes,Never,No,1,Sometimes,1,3,Competitive prices,I don't have any problem with Amazon,479614
2023/06/09 7:23:09 PM GMT+5:30,37,Female,Less than once a month,Groceries and Gourmet Food;Clothing and Fashion;Home and Kitchen,No,Few times a week,nan,Multiple pages,5,Maybe,Often,High shipping costs,Never,No,Rarely,Sometimes,1,Yes,4,4,Quick delivery,No problems with Amazon,108251
2023/06/06 6:51:13 PM GMT+5:30,28,Male,Once a month,Beauty and Personal Care;Clothing and Fashion;Home and Kitchen,Yes,Few times a week,nan,First page,2,No,Always,others,Always,Yes,Occasionally,Yes,1,Yes,2,1,All the above,Product quality and accuracy,699050
2023/06/06 6:45:33 PM GMT+5:30,33,Female,Once a week,Groceries and Gourmet Food;Beauty and Personal Care;Clothing and Fashion,No,Rarely,nan,Multiple pages,3,No,Always,others,Always,Yes,Heavily,Yes,4,Yes,2,2,Quick delivery,UI,859218
2023/06/06 6:38:03 PM GMT+5:30,32,Prefer not to say,Less than once a month,Groceries and Gourmet Food;Beauty and Personal Care;Clothing and Fashion,No,Rarely,categories,First page,5,Yes,Never,Changed my mind or no longer need the item,Often,Yes,Rarely,Yes,3,Sometimes,3,2,.,better app interface and lower shipping charges,671885
2023/06/12 3:33:53 PM GMT+5:30,10,Others,Multiple times a week,Beauty and Personal Care;Home and Kitchen,No,Multiple times a day,others,Multiple pages,2,Yes,Rarely,Found a better price elsewhere,Often,No,Never,Yes,1,Sometimes,5,5,Wide product selection,.,783142
2023/06/09 3:09:41 PM GMT+5:30,17,Male,Multiple times a week,Clothing and Fashion;others,No,Few times a week,Keyword,First page,1,Maybe,Often,Changed my mind or no longer need the item,Never,No,Heavily,Sometimes,4,Yes,2,2,Product recommendations,I don't have any problem with Amazon,451695
2023/06/05 2:46:25 PM GMT+5:30,52,Others,Multiple times a week,Groceries and Gourmet Food;Beauty and Personal Care;Clothing and Fashion;Home and Kitchen;others,Yes,Multiple times a day,nan,First page,5,Yes,Often,others,Always,No,Heavily,No,2,Sometimes,5,2,Customer service,.,575298
2023/06/05 1:28:44 PM GMT+5:30,51,Male,Once a month,Home and Kitchen,Sometimes,Rarely,nan,First page,1,Yes,Rarely,Found a better price elsewhere,Often,Yes,Heavily,Sometimes,1,Yes,1,1,Customer service,Customer service responsiveness,651823
2023/06/11 11:17:41 PM GMT+5:30,51,Others,Once a week,Groceries and Gourmet Food;Clothing and Fashion;others,Yes,Few times a month,categories,Multiple pages,3,Maybe,Rarely,Changed my mind or no longer need the item,Sometimes,No,Rarely,Yes,3,Yes,2,1,Wide product selection,User interface of app,817527
2023/06/12 3:38:48 PM GMT+5:30,37,Prefer not to say,Few times a month,Beauty and Personal Care;Home and Kitchen,Yes,Few times a month,Filter,Multiple pages,2,Maybe,Rarely,others,Sometimes,Yes,Moderately,Sometimes,4,Yes,3,3,Wide product selection,Product quality and accuracy,485437
2023/06/08 3:23:36 AM GMT+5:30,42,Prefer not to say,Once a month,Clothing and Fashion;Home and Kitchen,Sometimes,Few times a month,categories,Multiple pages,2,No,Never,Changed my mind or no longer need the item,Often,Yes,Never,Yes,5,No,1,2,All the above,Reducing packaging waste,256766
2023/06/08 5:30:34 PM GMT+5:30,37,Male,Less than once a month,Clothing and Fashion,No,Rarely,nan,Multiple pages,5,No,Never,others,Sometimes,Yes,Never,No,1,Yes,3,4,Customer service ,Product quality and accuracy,193661
2023/06/06 6:33:23 PM GMT+5:30,42,Others,Multiple times a week,Beauty and Personal Care;Home and Kitchen;others,Sometimes,Rarely,categories,Multiple pages,4,No,Sometimes,Found a better price elsewhere,Often,No,Rarely,Sometimes,3,Yes,5,5,Customer service,User interface ,968043
2023/06/05 11:54:52 AM GMT+5:30,46,Male,Few times a month,Beauty and Personal Care;Home and Kitchen,Yes,Few times a week,Filter,Multiple pages,1,Maybe,Rarely,Changed my mind or no longer need the item,Rarely,Yes,Never,Sometimes,1,Sometimes,3,3,Competitive prices,User interface of app,976244
2023/06/11 10:49:49 PM GMT+5:30,60,Male,Less than once a month,Clothing and Fashion;Home and Kitchen;others,No,Multiple times a day,nan,First page,3,No,Sometimes,Found a better price elsewhere,Always,No,Never,No,4,No,3,4,Wide product selection,Shipping speed and reliability,362536
2023/06/07 10:56:11 AM GMT+5:30,16,Prefer not to say,Once a month,Groceries and Gourmet Food;Beauty and Personal Care;others,No,Multiple times a day,Filter,First page,4,Maybe,Always,Found a better price elsewhere,Rarely,Yes,Moderately,No,2,Sometimes,5,2,User-friendly website/app interface,User interface of app,202603
2023/06/08 6:00:50 PM GMT+5:30,57,Others,Less than once a month,others,Sometimes,Few times a week,Filter,First page,4,Maybe,Rarely,Found a better price elsewhere,Sometimes,Yes,Never,No,3,Sometimes,2,4,Product recommendations,Shipping speed and reliability,174394
2023/06/05 10:07:33 PM GMT+5:30,30,Male,Once a week,Clothing and Fashion;Home and Kitchen;others,Sometimes,Multiple times a day,Keyword,First page,5,No,Rarely,others,Always,No,Never,Sometimes,2,Yes,3,2,Wide product selection,better app interface and lower shipping charges,337286
2023/06/06 7:19:43 PM GMT+5:30,33,Prefer not to say,Less than once a month,Groceries and Gourmet Food;Clothing and Fashion;others,No,Rarely,others,Multiple pages,4,Maybe,Often,High shipping costs,Always,Yes,Heavily,Sometimes,1,No,1,2,Wide product selection,.,426830
2023/06/08 5:49:59 PM GMT+5:30,25,Male,Once a week,Clothing and Fashion;Home and Kitchen,No,Few times a week,nan,First page,2,Yes,Rarely,others,Rarely,No,Never,Sometimes,3,Sometimes,5,5,Customer service,Quality of product is very poor according to the big offers,802386
2023/06/11 11:07:31 PM GMT+5:30,65,Prefer not to say,Few times a month,Groceries and Gourmet Food;Beauty and Personal Care;Clothing and Fashion;Home and Kitchen,No,Multiple times a day,others,Multiple pages,1,Maybe,Always,High shipping costs,Often,Yes,Occasionally,Sometimes,2,Yes,2,5,All the above,Add more familiar brands to the list,612937
2023/06/04 8:54:36 PM GMT+5:30,49,Female,Once a month,Groceries and Gourmet Food;Clothing and Fashion;Home and Kitchen;others,Yes,Few times a month,categories,First page,3,Maybe,Sometimes,Found a better price elsewhere,Often,Yes,Heavily,Yes,3,No,2,3,User-friendly website/app interface,I don't have any problem with Amazon,973135
2023/06/07 12:01:15 PM GMT+5:30,23,Others,Once a week,Clothing and Fashion,Sometimes,Rarely,others,Multiple pages,5,No,Rarely,others,Sometimes,Yes,Occasionally,No,1,Yes,2,3,Wide product selection,No problems with Amazon,146680
2023/06/08 5:07:35 PM GMT+5:30,28,Others,Few times a month,others,Yes,Multiple times a day,Keyword,First page,2,Yes,Always,others,Always,Yes,Rarely,Sometimes,3,Yes,1,4,.,.,252720
2023/06/11 10:49:49 PM GMT+5:30,10,Female,Once a month,Groceries and Gourmet Food;Clothing and Fashion;Home and Kitchen,No,Rarely,nan,Multiple pages,1,No,Never,others,Sometimes,Yes,Rarely,No,4,Yes,4,4,User-friendly website/app interface,Product quality and accuracy,187030
2023/06/12 3:45:27 PM GMT+5:30,46,Prefer not to say,Multiple times a week,Groceries and Gourmet Food;Home and Kitchen,Yes,Multiple times a day,others,Multiple pages,5,Yes,Never,others,Rarely,No,Rarely,No,5,Sometimes,3,1,Customer service,Nothing,206114
2023/06/08 10:40:33 PM GMT+5:30,54,Female,Multiple times a week,Home and Kitchen,No,Few times a month,categories,First page,3,No,Never,Changed my mind or no longer need the item,Never,Yes,Occasionally,No,4,No,4,4,Quick delivery,User interface ,895606
2023/06/08 5:25:27 PM GMT+5:30,52,Others,Once a week,Groceries and Gourmet Food;Beauty and Personal Care;Clothing and Fashion,Yes,Few times a month,Keyword,First page,5,Maybe,Rarely,High shipping costs,Rarely,No,Moderately,No,5,Yes,3,1,Customer service,Scrolling option would be much better than going to next page,842190
2023/06/04 7:23:21 PM GMT+5:30,34,Male,Once a week,Groceries and Gourmet Food;Clothing and Fashion;Home and Kitchen,No,Few times a month,others,First page,4,No,Rarely,others,Often,Yes,Heavily,Yes,2,Yes,3,2,Customer service ,I have no problem with Amazon yet. But others tell me about the refund issues ,124810
2023/06/06 8:08:19 PM GMT+5:30,51,Others,Once a month,Beauty and Personal Care;Clothing and Fashion;Home and Kitchen,No,Few times a week,others,First page,5,Yes,Rarely,others,Sometimes,Yes,Moderately,Yes,3,Sometimes,4,5,Customer service,Customer service responsiveness,286316
2023/06/08 3:25:32 AM GMT+5:30,44,Prefer not to say,Once a month,Beauty and Personal Care;Home and Kitchen;others,No,Rarely,categories,First page,1,No,Often,Changed my mind or no longer need the item,Often,No,Rarely,No,4,Yes,3,1,User-friendly website/app interface,Nothing,139637
2023/06/07 12:27:12 PM GMT+5:30,61,Male,Few times a month,Groceries and Gourmet Food;Home and Kitchen;others,Sometimes,Rarely,Keyword,First page,1,Maybe,Rarely,others,Never,Yes,Moderately,Sometimes,4,No,3,1,Competitive prices,No problems with Amazon,397948
2023/06/11 10:45:34 PM GMT+5:30,54,Others,Less than once a month,Groceries and Gourmet Food;Beauty and Personal Care;Clothing and Fashion,Sometimes,Rarely,Keyword,First page,4,Maybe,Never,High shipping costs,Always,Yes,Moderately,Yes,1,Sometimes,4,1,Quick delivery,Quality of product is very poor according to the big offers,511133
2023/06/04 5:04:56 PM GMT+5:30,39,Male,Once a week,others,No,Rarely,others,First page,4,Maybe,Rarely,Found a better price elsewhere,Sometimes,Yes,Heavily,No,4,Yes,2,3,Customer service,Nothing,636566
2023/06/05 10:37:36 AM GMT+5:30,29,Others,Once a month,Beauty and Personal Care;Clothing and Fashion;Home and Kitchen;others,Yes,Rarely,nan,First page,1,Maybe,Rarely,Found a better price elsewhere,Often,No,Never,Sometimes,3,Sometimes,2,3,.,I have no problem with Amazon yet. But others tell me about the refund issues ,389990
2023/06/08 7:46:31 PM GMT+5:30,14,Others,Multiple times a week,Beauty and Personal Care;Home and Kitchen;others,No,Rarely,nan,First page,5,Yes,Often,others,Always,No,Occasionally,Sometimes,1,Yes,2,3,Product recommendations,Quality of product is very poor according to the big offers,419899
2023/06/07 6:17:42 PM GMT+5:30,16,Prefer not to say,Once a week,Groceries and Gourmet Food;Beauty and Personal Care;Clothing and Fashion;Home and Kitchen;others,Yes,Rarely,others,Multiple pages,4,Yes,Never,Found a better price elsewhere,Sometimes,Yes,Rarely,Yes,1,Yes,1,1,User-friendly website/app interface,Customer service responsiveness,378572
2023/06/11 10:45:34 PM GMT+5:30,22,Others,Once a week,Home and Kitchen,Yes,Few times a week,categories,First page,1,No,Sometimes,others,Often,Yes,Heavily,Sometimes,2,Sometimes,1,1,Product recommendations,Customer service responsiveness,386632
2023/06/11 11:22:55 PM GMT+5:30,57,Others,Multiple times a week,Groceries and Gourmet Food,Yes,Few times a month,others,First page,5,Maybe,Sometimes,others,Always,Yes,Moderately,Sometimes,1,No,1,1,.,Reducing packaging waste,943905
2023/06/04 2:30:44 PM GMT+5:30,65,Female,Less than once a month,Beauty and Personal Care,Sometimes,Few times a month,categories,Multiple pages,5,No,Always,Found a better price elsewhere,Sometimes,No,Heavily,Sometimes,3,Yes,5,3,Customer service ,I have no problem with Amazon yet. But others tell me about the refund issues ,756439
2023/06/08 5:37:13 PM GMT+5:30,38,Prefer not to say,Once a month,Beauty and Personal Care;Clothing and Fashion;Home and Kitchen,Sometimes,Multiple times a day,nan,Multiple pages,5,No,Always,Changed my mind or no longer need the item,Always,No,Rarely,Sometimes,3,No,3,1,Customer service,User interface of app,982625
2023/06/12 3:54:44 PM GMT+5:30,48,Others,Few times a month,Home and Kitchen,No,Few times a week,Filter,Multiple pages,5,Yes,Never,others,Always,Yes,Never,Yes,3,Sometimes,2,5,All the above,Add more familiar brands to the list,149083
2023/06/11 11:15:37 PM GMT+5:30,52,Prefer not to say,Less than once a month,Home and Kitchen,No,Rarely,Filter,First page,2,Maybe,Rarely,Changed my mind or no longer need the item,Rarely,No,Never,Yes,5,No,4,4,Quick delivery,UI,978195
2023/06/07 11:08:52 PM GMT+5:30,51,Others,Few times a month,Clothing and Fashion;others,No,Few times a week,others,Multiple pages,1,No,Never,High shipping costs,Often,No,Heavily,No,4,Yes,2,3,User-friendly website/app interface,I have no problem with Amazon yet. But others tell me about the refund issues ,490286
2023/06/11 11:02:55 PM GMT+5:30,20,Male,Less than once a month,Groceries and Gourmet Food;Clothing and Fashion;Home and Kitchen,Yes,Rarely,categories,First page,3,Yes,Never,Found a better price elsewhere,Rarely,No,Moderately,Yes,1,Yes,5,1,.,Nothing,381026
2023/06/04 7:23:21 PM GMT+5:30,24,Others,Few times a month,Groceries and Gourmet Food;Beauty and Personal Care,No,Few times a month,Filter,First page,1,Yes,Rarely,Changed my mind or no longer need the item,Often,Yes,Never,Yes,3,Yes,1,1,All the above,Product quality and accuracy,188245
2023/06/08 6:01:31 PM GMT+5:30,34,Others,Few times a month,Groceries and Gourmet Food;Beauty and Personal Care;Home and Kitchen,Yes,Few times a month,Filter,Multiple pages,4,Yes,Often,Changed my mind or no longer need the item,Rarely,Yes,Occasionally,No,5,Yes,3,1,Wide product selection,Shipping speed and reliability,996914
2023/06/08 8:59:45 AM GMT+5:30,45,Male,Few times a month,Groceries and Gourmet Food;Beauty and Personal Care;Clothing and Fashion;Home and Kitchen,Yes,Few times a week,others,Multiple pages,3,Maybe,Sometimes,High shipping costs,Sometimes,Yes,Occasionally,Yes,3,Yes,2,2,Competitive prices,better app interface and lower shipping charges,626383
2023/06/08 9:17:38 PM GMT+5:30,50,Others,Less than once a month,Groceries and Gourmet Food;Beauty and Personal Care;others,No,Multiple times a day,nan,First page,4,Maybe,Rarely,High shipping costs,Sometimes,Yes,Occasionally,Yes,3,No,3,3,User-friendly website/app interface,User interface ,296035
2023/06/09 4:29:23 PM GMT+5:30,63,Others,Once a week,Clothing and Fashion;Home and Kitchen;others,No,Multiple times a day,others,Multiple pages,2,No,Rarely,others,Often,Yes,Occasionally,No,2,Yes,1,4,Customer service,Nil,475069
2023/06/07 10:17:40 PM GMT+5:30,55,Female,Less than once a month,others,Yes,Multiple times a day,Filter,First page,2,Yes,Often,High shipping costs,Often,Yes,Heavily,No,5,No,2,3,Customer service ,I have no problem with Amazon yet. But others tell me about the refund issues ,135975
2023/06/08 3:23:58 AM GMT+5:30,27,Prefer not to say,Few times a month,Groceries and Gourmet Food;Beauty and Personal Care;Clothing and Fashion;Home and Kitchen,Sometimes,Multiple times a day,Filter,Multiple pages,5,Yes,Never,others,Rarely,Yes,Heavily,No,5,Yes,2,3,All the above,Reducing packaging waste,320519
2023/06/08 6:00:20 PM GMT+5:30,9,Prefer not to say,Once a week,Clothing and Fashion,Yes,Multiple times a day,Keyword,First page,5,Maybe,Sometimes,High shipping costs,Sometimes,No,Never,No,4,Yes,5,4,Wide product selection,better app interface and lower shipping charges,510314
2023/06/05 10:07:33 PM GMT+5:30,52,Prefer not to say,Once a month,Groceries and Gourmet Food;Beauty and Personal Care;Clothing and Fashion;Home and Kitchen;others,No,Multiple times a day,categories,Multiple pages,3,Maybe,Never,Found a better price elsewhere,Often,Yes,Moderately,No,3,Yes,1,3,Product recommendations,I don't have any problem with Amazon,723655
2023/06/09 10:26:51 AM GMT+5:30,3,Others,Few times a month,Groceries and Gourmet Food;Beauty and Personal Care;Clothing and Fashion;Home and Kitchen;others,Yes,Rarely,Keyword,Multiple pages,4,Maybe,Rarely,Found a better price elsewhere,Always,Yes,Moderately,Yes,2,Yes,3,4,Customer service,Nothing,237507
2023/06/12 3:56:57 PM GMT+5:30,65,Prefer not to say,Once a week,Groceries and Gourmet Food;Clothing and Fashion;others,No,Few times a week,categories,First page,5,Yes,Always,Found a better price elsewhere,Often,No,Heavily,No,2,Sometimes,1,2,User-friendly website/app interface,Nil,953480
